match_id,descriptor,scale,geometry,terrain,photometric,spatial,final_confidence,accepted,rejection_reason
0,0.634,1.0,0.997,0.733,0.326,0.526,0.715,True,
1,0.491,1.0,0.612,0.6,0.717,0.571,0.757,True,
2,0.928,0.999,0.996,0.867,0.62,0.571,0.847,True,
3,0.906,0.997,0.999,1.0,0.464,0.571,0.847,True,
4,0.582,0.988,1.0,0.733,0.56,0.526,0.738,True,
5,0.637,1.0,0.996,0.733,0.692,0.526,0.769,True,
6,0.605,0.997,0.999,0.733,0.641,0.526,0.758,True,
7,0.343,0.999,0.999,0.867,0.68,0.571,0.769,True,
8,0.857,1.0,0.998,1.0,0.583,0.571,0.859,True,
9,0.96,0.999,0.999,0.733,0.35,1.0,0.819,True,
10,0.387,0.978,0.0,0.467,0.694,0.526,0.455,False,"Rejected: High geometric residual (score: 0.00, final: 0.45)"
11,0.473,0.999,0.0,0.2,0.709,0.526,0.42,False,"Rejected: High geometric residual (score: 0.00, final: 0.42)"
12,0.67,0.998,0.998,0.733,0.561,0.526,0.754,True,
13,0.439,1.0,0.999,1.0,0.694,1.0,0.855,True,
14,0.478,0.999,0.994,1.0,0.42,1.0,0.819,True,
15,0.865,1.0,0.999,1.0,0.64,0.571,0.871,True,
16,0.896,1.0,0.998,1.0,0.134,0.426,0.785,True,
17,0.735,0.997,0.998,1.0,0.375,0.69,0.821,True,
18,0.738,1.0,0.997,1.0,0.151,0.426,0.764,True,
19,0.682,0.992,0.899,1.0,0.308,0.87,0.807,True,
20,0.65,1.0,0.999,1.0,0.438,0.69,0.819,True,
21,0.4,0.995,0.999,0.733,0.627,1.0,0.772,True,
22,0.92,1.0,0.998,1.0,0.33,0.87,0.86,True,
23,0.972,0.999,0.994,1.0,0.537,0.69,0.886,True,
24,0.896,1.0,0.999,1.0,0.446,0.426,0.835,True,
25,0.475,0.987,1.0,1.0,0.629,0.426,0.797,True,
26,0.604,1.0,0.894,1.0,0.314,0.69,0.788,True,
27,0.524,0.995,0.751,0.867,0.4,0.69,0.763,True,
28,0.78,0.991,0.997,1.0,0.683,0.69,0.88,True,
29,0.869,0.996,0.999,1.0,0.138,0.69,0.812,True,
30,0.953,1.0,0.996,0.733,0.316,0.426,0.772,True,
31,0.967,1.0,0.996,0.733,0.316,0.426,0.774,True,
32,0.738,0.999,0.749,0.733,0.326,0.426,0.743,True,
33,0.679,0.999,0.749,0.733,0.326,0.426,0.735,True,
34,0.582,1.0,0.999,1.0,0.651,0.426,0.82,True,
35,0.715,0.999,0.999,0.867,0.63,0.426,0.811,True,
36,0.968,0.999,0.998,0.867,0.373,0.69,0.837,True,
37,0.88,1.0,1.0,0.867,0.127,0.426,0.762,True,
38,0.899,1.0,1.0,0.867,0.127,0.426,0.765,True,
39,0.91,1.0,0.999,0.867,0.559,0.625,0.848,True,
40,0.394,0.992,0.0,0.6,0.514,0.526,0.458,False,"Rejected: High geometric residual (score: 0.00, final: 0.46)"
41,0.905,1.0,1.0,0.867,0.489,0.526,0.831,True,
42,0.737,1.0,0.998,0.733,0.444,0.426,0.762,True,
43,0.928,1.0,1.0,1.0,0.141,0.526,0.808,True,
44,0.401,0.592,0.027,0.6,0.428,0.426,0.382,False,"Rejected: High geometric residual (score: 0.03, final: 0.38)"
45,0.551,0.999,0.999,0.867,0.622,0.625,0.805,True,
46,0.931,0.996,1.0,0.867,0.158,0.526,0.785,True,
47,0.913,0.996,1.0,0.867,0.158,0.526,0.782,True,
48,0.719,0.996,0.998,1.0,0.345,0.377,0.791,True,
49,0.717,1.0,1.0,0.867,0.478,0.625,0.809,True,
50,0.877,1.0,0.998,1.0,0.422,0.377,0.827,True,
51,0.966,1.0,1.0,0.733,0.344,0.526,0.793,True,
52,0.402,0.921,0.006,0.6,0.308,0.625,0.428,False,"Rejected: High geometric residual (score: 0.01, final: 0.43)"
53,0.897,0.999,0.999,1.0,0.288,0.377,0.811,True,
54,0.883,1.0,1.0,1.0,0.333,0.377,0.816,True,
55,0.712,1.0,0.958,1.0,0.316,0.87,0.827,True,
56,0.959,1.0,1.0,0.867,0.576,0.625,0.861,True,
57,0.857,0.998,1.0,1.0,0.316,0.426,0.815,True,
58,0.715,1.0,0.999,0.867,0.333,1.0,0.804,True,
59,0.768,0.999,0.994,0.867,0.145,1.0,0.796,True,
60,0.834,1.0,0.999,1.0,0.449,0.377,0.825,True,
61,0.665,0.998,0.994,1.0,0.449,0.377,0.797,True,
62,0.474,1.0,1.0,1.0,0.485,0.426,0.783,True,
63,0.811,0.999,0.999,1.0,0.557,0.377,0.838,True,
64,0.754,1.0,0.999,1.0,0.568,0.377,0.832,True,
65,0.966,0.998,0.999,1.0,0.413,0.426,0.846,True,
66,0.93,1.0,0.999,1.0,0.488,0.426,0.852,True,
67,0.87,0.999,0.999,1.0,0.477,0.426,0.842,True,
68,0.958,1.0,0.998,1.0,0.488,0.377,0.85,True,
69,0.85,1.0,1.0,1.0,0.554,0.426,0.85,True,
70,0.859,1.0,0.997,0.867,0.477,0.87,0.842,True,
71,0.886,1.0,0.999,0.867,0.452,0.87,0.844,True,
72,0.44,0.998,0.995,1.0,0.432,0.526,0.779,True,
73,0.899,1.0,0.999,1.0,0.426,0.87,0.878,True,
74,0.826,0.999,1.0,1.0,0.273,0.377,0.796,True,
75,0.842,0.996,1.0,1.0,0.556,0.377,0.844,True,
76,0.858,0.997,1.0,1.0,0.584,0.377,0.849,True,
77,0.983,0.998,0.998,1.0,0.347,0.357,0.831,True,
78,0.917,0.997,0.999,1.0,0.734,0.339,0.877,True,
79,0.59,0.964,0.995,0.733,0.543,0.339,0.738,True,
80,0.796,0.995,0.999,1.0,0.438,0.377,0.815,True,
81,0.86,1.0,0.992,0.867,0.56,0.339,0.816,True,
82,0.828,1.0,0.992,0.867,0.56,0.339,0.811,True,
83,0.818,0.999,0.998,1.0,0.55,0.377,0.837,True,
84,0.885,0.999,1.0,1.0,0.469,0.377,0.834,True,
85,0.658,1.0,0.999,0.867,0.323,0.455,0.744,True,
86,0.91,0.998,0.999,1.0,0.692,0.339,0.869,True,
87,0.618,0.984,1.0,1.0,0.543,0.357,0.801,True,
88,0.653,0.996,0.998,1.0,0.401,0.377,0.788,True,
89,0.63,1.0,1.0,1.0,0.459,0.357,0.793,True,
90,0.693,0.998,0.999,0.867,0.431,0.526,0.793,True,
91,0.695,0.991,1.0,1.0,0.425,0.377,0.799,True,
92,0.965,1.0,0.999,1.0,0.094,0.339,0.79,True,
93,0.98,1.0,0.999,1.0,0.094,0.339,0.792,True,
94,0.903,0.997,0.992,0.867,0.346,0.377,0.792,True,
95,0.844,0.998,0.997,0.733,0.132,0.455,0.722,True,
96,0.779,0.995,1.0,1.0,0.455,0.357,0.817,True,
97,0.781,0.986,0.999,1.0,0.516,0.357,0.823,True,
98,0.985,1.0,0.998,0.867,0.256,0.526,0.81,True,
99,0.589,0.446,0.0,0.467,0.412,0.455,0.356,False,"Rejected: High geometric residual (score: 0.00, final: 0.36)"
100,0.972,1.0,0.997,0.733,0.544,0.455,0.804,True,
101,0.947,0.998,1.0,1.0,0.092,0.357,0.787,True,
102,0.768,0.998,1.0,1.0,0.092,0.357,0.76,True,
103,0.639,0.992,0.999,1.0,0.425,0.357,0.791,True,
104,0.914,0.999,0.999,1.0,0.476,0.357,0.841,True,
105,0.425,0.984,0.999,1.0,0.733,0.357,0.801,True,
106,0.37,1.0,0.0,0.733,0.488,0.377,0.463,False,"Rejected: High geometric residual (score: 0.00, final: 0.46)"
107,0.382,0.995,1.0,0.867,0.411,0.526,0.743,True,
108,0.815,0.988,1.0,1.0,0.435,0.377,0.818,True,
109,0.842,1.0,0.993,1.0,0.393,0.4,0.819,True,
110,0.957,1.0,0.993,1.0,0.393,0.4,0.836,True,
111,0.706,0.999,0.996,1.0,0.077,0.357,0.748,True,
112,0.71,0.999,0.996,1.0,0.077,0.357,0.748,True,
113,0.799,0.986,0.981,1.0,0.411,0.377,0.814,True,
114,0.955,1.0,1.0,1.0,0.473,0.339,0.846,True,
115,0.439,0.941,0.0,0.6,0.615,0.4,0.459,False,"Rejected: High geometric residual (score: 0.00, final: 0.46)"
116,0.832,0.993,1.0,1.0,0.53,0.4,0.836,True,
117,0.884,1.0,0.997,1.0,0.502,0.769,0.856,True,
118,0.5,0.998,0.999,0.867,0.558,0.769,0.787,True,
119,0.927,0.999,0.962,0.867,0.427,0.69,0.842,True,
120,0.836,0.983,0.993,1.0,0.577,0.4,0.841,True,
121,0.875,0.999,0.996,0.867,0.335,0.455,0.782,True,
122,0.922,1.0,1.0,0.867,0.205,0.455,0.772,True,
123,0.912,1.0,1.0,1.0,0.11,0.4,0.785,True,
124,0.953,0.998,0.997,1.0,0.682,0.4,0.877,True,
125,0.79,1.0,0.999,1.0,0.1,0.4,0.765,True,
126,0.913,0.994,1.0,1.0,0.752,0.357,0.879,True,
127,0.627,0.998,0.953,0.867,0.288,0.377,0.743,True,
128,0.385,0.996,0.0,0.467,0.469,0.526,0.424,False,"Rejected: High geometric residual (score: 0.00, final: 0.42)"
129,0.91,1.0,0.998,1.0,0.498,0.769,0.861,True,
130,0.857,1.0,1.0,0.867,0.428,0.455,0.796,True,
131,0.666,0.994,0.999,0.867,0.434,0.455,0.765,True,
132,0.982,0.999,1.0,0.867,0.702,0.526,0.878,True,
133,0.763,1.0,1.0,1.0,0.451,0.377,0.815,True,
134,0.986,0.998,1.0,1.0,0.641,0.339,0.876,True,
135,0.935,0.998,1.0,1.0,0.641,0.339,0.869,True,
136,0.969,1.0,0.992,0.867,0.333,0.526,0.821,True,
137,0.914,1.0,1.0,0.867,0.499,0.69,0.854,True,
138,0.932,1.0,1.0,1.0,0.463,0.339,0.841,True,
139,0.958,1.0,1.0,1.0,0.528,0.339,0.853,True,
140,0.987,1.0,1.0,1.0,0.094,0.4,0.792,True,
141,0.987,1.0,1.0,1.0,0.094,0.4,0.792,True,
142,0.721,1.0,1.0,0.867,0.459,0.69,0.819,True,
143,0.968,0.994,0.995,0.867,0.382,0.526,0.827,True,
144,0.886,0.996,0.996,1.0,0.103,0.455,0.782,True,
145,0.896,0.994,0.998,1.0,0.489,0.339,0.836,True,
146,0.98,1.0,0.993,1.0,0.243,0.4,0.816,True,
147,0.474,0.999,0.002,0.467,0.501,0.69,0.459,False,"Rejected: High geometric residual (score: 0.00, final: 0.46)"
148,0.964,1.0,1.0,1.0,0.505,0.339,0.85,True,
149,0.503,0.986,1.0,1.0,0.462,0.377,0.775,True,
150,0.553,0.98,0.964,1.0,0.557,0.357,0.798,True,
151,0.871,0.999,0.999,1.0,0.416,0.357,0.823,True,
152,0.855,0.997,1.0,1.0,0.494,0.323,0.831,True,
153,0.89,1.0,1.0,0.867,0.764,0.357,0.857,True,
154,0.753,0.998,1.0,1.0,0.342,0.294,0.793,True,
155,0.755,0.997,0.998,1.0,0.146,0.377,0.758,True,
156,0.479,0.999,1.0,1.0,0.497,0.377,0.767,True,
157,0.476,0.994,0.999,0.867,0.507,0.294,0.749,True,
158,0.901,0.999,1.0,1.0,0.696,0.377,0.864,True,
159,0.444,1.0,0.997,0.867,0.247,0.526,0.727,True,
160,0.985,1.0,0.999,1.0,0.332,0.323,0.828,True,
161,0.866,0.996,0.998,1.0,0.789,0.526,0.896,True,
162,0.858,0.998,1.0,1.0,0.647,0.357,0.855,True,
163,0.92,0.999,1.0,1.0,0.57,0.357,0.851,True,
164,0.863,0.996,0.999,1.0,0.623,0.357,0.857,True,
165,0.881,0.999,1.0,1.0,0.41,0.323,0.825,True,
166,0.913,0.999,1.0,1.0,0.41,0.323,0.829,True,
167,0.79,1.0,1.0,1.0,0.222,0.87,0.817,True,
168,0.719,1.0,1.0,1.0,0.222,0.87,0.806,True,
169,0.964,1.0,1.0,1.0,0.077,0.357,0.791,True,
170,0.911,0.995,0.998,1.0,0.624,0.377,0.854,True,
171,0.842,0.999,1.0,1.0,0.822,0.526,0.896,True,
172,0.9,1.0,1.0,1.0,0.224,0.323,0.8,True,
173,0.618,0.999,0.999,0.867,0.51,0.294,0.771,True,
174,0.89,0.997,0.999,1.0,0.61,0.357,0.86,True,
175,0.838,0.998,0.965,1.0,0.399,0.571,0.835,True,
176,0.934,1.0,0.999,1.0,0.349,0.294,0.822,True,
177,0.918,0.999,1.0,1.0,0.577,0.323,0.855,True,
178,0.734,0.999,1.0,1.0,0.599,0.294,0.829,True,
179,0.906,0.999,1.0,1.0,0.371,0.294,0.82,True,
180,0.949,1.0,1.0,1.0,0.665,0.357,0.878,True,
181,0.631,0.976,0.999,1.0,0.255,0.357,0.765,True,
182,0.878,0.999,1.0,1.0,0.38,0.294,0.817,True,
183,0.914,1.0,0.996,1.0,0.705,0.323,0.873,True,
184,0.95,1.0,0.984,1.0,0.485,0.377,0.838,True,
185,0.845,0.994,1.0,1.0,0.631,0.357,0.845,True,
186,0.901,1.0,1.0,1.0,0.094,0.357,0.778,True,
187,0.938,0.995,0.997,1.0,0.545,0.294,0.85,True,
188,0.87,0.998,0.999,1.0,0.309,0.526,0.824,True,
189,0.973,0.999,0.99,1.0,0.138,0.323,0.798,True,
190,0.933,0.999,1.0,1.0,0.593,0.323,0.86,True,
191,0.93,1.0,1.0,1.0,0.505,0.526,0.863,True,
192,0.979,0.999,1.0,1.0,0.486,0.357,0.855,True,
193,0.929,0.999,1.0,1.0,0.486,0.357,0.847,True,
194,0.497,0.99,1.0,1.0,0.541,0.571,0.802,True,
195,0.941,1.0,0.999,1.0,0.481,0.377,0.834,True,
196,0.818,1.0,1.0,0.867,0.515,0.377,0.792,True,
197,0.965,0.999,1.0,1.0,0.415,0.357,0.833,True,
198,0.984,0.999,1.0,1.0,0.415,0.357,0.836,True,
199,0.839,1.0,0.999,0.867,0.357,0.377,0.77,True,
200,0.907,0.996,0.999,1.0,0.489,0.357,0.844,True,
201,0.948,1.0,0.997,1.0,0.561,0.357,0.862,True,
202,0.797,1.0,0.998,1.0,0.515,0.357,0.824,True,
203,0.789,1.0,0.998,1.0,0.554,0.571,0.851,True,
204,0.961,1.0,1.0,1.0,0.54,0.357,0.86,True,
205,0.888,0.998,1.0,1.0,0.126,0.294,0.781,True,
206,0.745,0.999,1.0,0.867,0.519,0.377,0.781,True,
207,0.913,0.999,1.0,1.0,0.332,0.357,0.814,True,
208,0.612,1.0,0.998,1.0,0.544,0.323,0.804,True,
209,0.958,1.0,0.999,1.0,0.365,0.357,0.827,True,
210,0.879,1.0,1.0,1.0,0.607,0.357,0.847,True,
211,0.895,1.0,1.0,1.0,0.076,0.323,0.776,True,
212,0.85,1.0,0.994,1.0,0.6,0.294,0.847,True,
213,0.89,0.999,1.0,1.0,0.566,0.357,0.853,True,
214,0.448,1.0,0.912,0.6,0.508,0.377,0.679,False,Rejected: Exceeded USAC-MAGSAC geometric residual threshold (9.33 px > 7.0 px)
215,0.802,0.996,1.0,1.0,0.525,0.571,0.847,True,
216,0.913,1.0,1.0,1.0,0.588,0.357,0.852,True,
217,0.975,1.0,0.998,1.0,0.317,0.294,0.823,True,
218,0.935,0.998,0.992,1.0,0.395,0.294,0.827,True,
219,0.943,1.0,0.999,1.0,0.099,0.323,0.783,True,
220,0.961,0.999,0.999,0.867,0.343,0.377,0.787,True,
221,0.832,0.999,0.998,1.0,0.636,0.294,0.849,True,
222,0.701,0.995,0.999,1.0,0.27,0.323,0.775,True,
223,0.743,0.999,1.0,1.0,0.493,0.526,0.835,True,
224,0.819,1.0,0.999,1.0,0.13,0.323,0.773,True,
225,0.92,0.995,0.999,1.0,0.68,0.294,0.868,True,
226,0.56,0.998,0.999,1.0,0.414,0.294,0.773,True,
227,0.752,0.995,1.0,1.0,0.092,0.323,0.756,True,
228,0.762,1.0,0.999,1.0,0.526,0.294,0.821,True,
229,0.93,1.0,1.0,1.0,0.603,0.571,0.878,True,
230,0.624,1.0,1.0,1.0,0.687,0.294,0.825,True,
231,0.704,0.996,1.0,1.0,0.513,0.571,0.83,True,
232,0.928,1.0,1.0,1.0,0.301,0.526,0.832,True,
233,0.54,0.998,1.0,0.867,0.497,0.357,0.756,True,
234,0.884,0.999,0.989,0.867,0.311,0.377,0.773,True,
235,0.918,1.0,0.999,1.0,0.437,0.69,0.863,True,
236,0.612,0.988,0.998,1.0,0.415,0.87,0.832,True,
237,0.729,0.989,0.999,1.0,0.553,0.769,0.866,True,
238,0.974,0.999,1.0,1.0,0.192,0.769,0.851,True,
239,0.583,0.999,0.999,0.867,0.541,0.625,0.796,True,
240,0.695,0.995,1.0,0.867,0.546,0.625,0.813,True,
241,0.486,0.997,1.0,1.0,0.52,0.571,0.806,True,
242,0.752,1.0,1.0,1.0,0.419,0.769,0.851,True,
243,0.955,1.0,0.999,0.867,0.195,0.625,0.796,True,
244,0.546,0.595,0.192,0.6,0.431,0.625,0.466,False,"Rejected: High geometric residual (score: 0.19, final: 0.47)"
245,0.699,1.0,0.999,1.0,0.412,0.69,0.827,True,
246,0.719,0.998,0.998,1.0,0.144,0.625,0.789,True,
247,0.935,0.998,0.999,1.0,0.147,0.571,0.817,True,
248,0.963,1.0,0.984,1.0,0.308,0.87,0.874,True,
249,0.926,1.0,1.0,1.0,0.538,0.571,0.875,True,
250,0.951,1.0,1.0,1.0,0.548,0.571,0.88,True,
251,0.946,1.0,0.995,1.0,0.401,0.625,0.861,True,
252,0.694,0.994,1.0,1.0,0.448,0.87,0.838,True,
253,0.895,0.999,0.999,1.0,0.435,0.571,0.853,True,
254,0.971,0.998,0.996,0.867,0.463,0.625,0.844,True,
255,0.496,1.0,1.0,1.0,0.47,0.69,0.805,True,
256,0.742,0.979,0.994,1.0,0.449,0.625,0.833,True,
257,0.98,0.998,0.995,1.0,0.301,0.625,0.851,True,
258,0.374,0.999,0.998,0.867,0.553,0.87,0.782,True,
259,0.883,1.0,1.0,1.0,0.304,0.571,0.831,True,
260,0.582,0.96,0.991,1.0,0.371,0.69,0.798,True,
261,0.892,0.999,0.98,1.0,0.393,0.625,0.845,True,
262,0.861,0.998,0.999,0.867,0.429,0.87,0.836,True,
263,0.923,1.0,0.995,0.867,0.319,0.87,0.834,True,
264,0.488,0.991,0.948,1.0,0.308,1.0,0.785,True,
265,0.812,1.0,0.994,1.0,0.307,1.0,0.845,True,
266,0.515,0.977,0.82,0.867,0.386,0.769,0.765,True,
267,0.669,0.998,0.999,0.867,0.404,0.769,0.794,True,
268,0.769,1.0,0.999,0.867,0.408,0.769,0.809,True,
269,0.33,0.995,0.0,0.467,0.406,1.0,0.453,False,"Rejected: High geometric residual (score: 0.00, final: 0.45)"
270,0.476,0.963,0.997,0.867,0.417,1.0,0.78,True,
271,0.368,0.974,0.0,0.6,0.51,1.0,0.498,False,"Rejected: High geometric residual (score: 0.00, final: 0.50)"
