id,src_x,src_y,ref_x,ref_y,scale_src,scale_ref,ratio,inlier
0,26.485458374023438,311.01318359375,30.859066009521484,294.5572204589844,10.263056755065918,10.467266082763672,0.6052558861606929,True
1,30.586620330810547,185.30062866210938,42.67948532104492,176.62669372558594,3.1242384910583496,3.074779748916626,0.7133338045992299,True
2,30.95575714111328,177.32359313964844,41.93474197387695,162.1582794189453,3.026557445526123,2.9328324794769287,0.26922144130801695,True
3,33.6695442199707,162.99681091308594,44.941383361816406,148.0687713623047,5.263472080230713,5.602893352508545,0.306483794511302,True
4,34.92246627807617,329.4834289550781,37.822994232177734,313.1524963378906,2.6279542446136475,2.3184714317321777,0.6464019965897756,True
5,35.09052658081055,316.9453430175781,38.922813415527344,300.373779296875,2.915027379989624,2.979142904281616,0.6026405278275881,True
6,35.360137939453125,312.109130859375,39.374088287353516,295.9971923828125,2.6319682598114014,2.8079164028167725,0.628482450584895,True
7,37.414390563964844,199.05593872070312,46.98993682861328,184.10464477539062,3.0415027141571045,3.161407232284546,0.8106273642892404,True
8,37.7898063659668,152.58724975585938,49.80136489868164,137.91993713378906,2.800244092941284,2.83756685256958,0.3784193775030348,True
9,38.13014602661133,294.8971862792969,42.9150276184082,279.21820068359375,6.1802754402160645,5.974947929382324,0.20077914349338802,True
10,38.77317428588867,328.27886962890625,186.82205200195312,370.6783447265625,2.6680305004119873,3.1532142162323,0.7828813701939014,False
11,42.0775146484375,333.3185119628906,105.44808197021484,194.1480712890625,3.00943660736084,3.1095659732818604,0.7261688332663909,False
12,42.77812576293945,338.3442687988281,45.56741714477539,322.5563659667969,2.4671008586883545,2.340287446975708,0.5744845824533965,True
13,43.079044342041016,203.0457305908203,52.404239654541016,188.12509155273438,3.021101713180542,3.0812251567840576,0.748725630062422,True
14,44.59589385986328,78.55970764160156,60.44253921508789,64.95075225830078,2.4410674571990967,2.3619511127471924,0.7226342835287357,True
15,48.38680648803711,166.36366271972656,59.33748245239258,152.36436462402344,1.9718656539916992,1.9336410760879517,0.36804677351966697,True
16,52.11103439331055,158.88430786132812,63.66856384277344,145.02650451660156,11.314837455749512,11.061161041259766,0.3231374863409834,True
17,54.88999557495117,82.23506164550781,70.23870086669922,68.94373321533203,3.224517822265625,3.039238452911377,0.5149346096618902,True
18,55.913692474365234,180.7645721435547,66.53079223632812,166.70616149902344,16.464574813842773,16.23107147216797,0.5116075621459045,True
19,56.611141204833984,241.5387420654297,60.973873138427734,225.35107421875,39.57069396972656,35.71049118041992,0.5642538360386765,True
20,57.56723403930664,79.08609771728516,72.90351867675781,66.08486938476562,2.0016613006591797,2.0238232612609863,0.5913720281545908,True
21,61.445594787597656,341.5794677734375,63.815242767333984,326.4574279785156,2.822777271270752,3.058459997177124,0.7744769743153731,True
22,62.076995849609375,212.1284637451172,70.19172668457031,197.900634765625,8.46704387664795,8.309920310974121,0.28362237225156284,True
23,69.64142608642578,149.08572387695312,81.90299224853516,136.150390625,5.2549920082092285,5.475491046905518,0.1662135759406027,True
24,73.01512908935547,156.9368133544922,84.43023681640625,144.04957580566406,4.154767036437988,4.0986647605896,0.32193558463142147,True
25,73.04875183105469,161.988525390625,83.99190521240234,149.05914306640625,2.345043182373047,2.065403699874878,0.724340539428062,True
26,77.64191436767578,58.04643630981445,92.64642333984375,42.93732833862305,28.352157592773438,28.728195190429688,0.6291509321167398,True
27,78.07495880126953,91.48016357421875,88.23412322998047,76.00738525390625,1.797877311706543,1.954283595085144,0.6898241107005192,True
28,79.48211669921875,133.01934814453125,91.31647491455078,120.95203399658203,3.4576103687286377,3.8525383472442627,0.468709483822777,True
29,86.3006591796875,136.0957489013672,98.68939208984375,123.9417724609375,11.694205284118652,10.882664680480957,0.3622611476921204,True
30,88.44324493408203,160.65016174316406,99.82392883300781,148.1952362060547,14.57867431640625,14.463879585266113,0.2161215027230415,True
31,88.44324493408203,160.65016174316406,99.82392883300781,148.1952362060547,14.57867431640625,14.463879585266113,0.1821413631576267,True
32,88.53832244873047,165.7119140625,94.95870208740234,156.806884765625,51.15910720825195,52.570491790771484,0.512233317967617,True
33,88.53832244873047,165.7119140625,94.95870208740234,156.806884765625,51.15910720825195,52.570491790771484,0.5661897456185995,True
34,90.44245147705078,184.35133361816406,100.45389556884766,172.08656311035156,2.522791624069214,2.466762065887451,0.64667599065349,True
35,92.00516510009766,179.9329833984375,102.14352416992188,167.83145141601562,2.1580233573913574,2.1017508506774902,0.5335143305042455,True
36,96.36570739746094,101.64315795898438,110.31120300292969,90.6283950805664,5.880420207977295,6.0333380699157715,0.17869808822651762,True
37,101.2847671508789,125.73162078857422,113.81929779052734,114.65316772460938,12.633584022521973,12.539754867553711,0.346898394953573,True
38,101.2847671508789,125.73162078857422,113.81929779052734,114.65316772460938,12.633584022521973,12.539754867553711,0.3172673548280076,True
39,101.65311431884766,214.16726684570312,110.12596130371094,202.09622192382812,2.6018319129943848,2.631786346435547,0.29947915387875734,True
40,108.38490295410156,161.37637329101562,58.528778076171875,273.1709289550781,2.077859401702881,1.8723291158676147,0.7787527194693892,False
41,112.74461364746094,157.71546936035156,123.64270782470703,146.78656005859375,2.0214993953704834,2.0271902084350586,0.3075577904792743,True
42,113.85664367675781,143.46844482421875,125.76216125488281,132.53323364257812,4.160464763641357,4.25573205947876,0.5128487710449485,True
43,116.81446075439453,187.51519775390625,126.24034881591797,176.35671997070312,16.787137985229492,16.76707649230957,0.26820176019569947,True
44,117.15754699707031,127.57743072509766,78.65396881103516,75.59705352783203,7.454205513000488,16.900894165039062,0.7737500041057311,False
45,119.21788787841797,213.01426696777344,127.4919204711914,201.72610473632812,2.608666181564331,2.684061050415039,0.670323294381931,True
46,119.28347778320312,165.28384399414062,129.6138458251953,154.4449920654297,10.901981353759766,10.194652557373047,0.26220927005287503,True
47,119.28347778320312,165.28384399414062,129.6138458251953,154.4449920654297,10.901981353759766,10.194652557373047,0.2952483876690575,True
48,121.33102416992188,63.178688049316406,136.50425720214844,53.835166931152344,10.835112571716309,10.075084686279297,0.5298674755198719,True
49,122.59549713134766,214.5447235107422,130.6959686279297,203.65850830078125,1.9667221307754517,1.9966850280761719,0.5320481169940533,True
50,123.08081817626953,93.62429809570312,136.95179748535156,83.31656646728516,4.957479000091553,5.065090179443359,0.35022127297296074,True
51,127.19225311279297,155.85140991210938,138.06298828125,145.8214111328125,8.076762199401855,8.02292537689209,0.18364149065140337,True
52,129.6439666748047,227.22125244140625,115.39594268798828,297.38824462890625,19.15737533569336,26.529783248901367,0.7734347919212269,False
53,129.80227661132812,91.98109436035156,143.8715362548828,82.68538665771484,2.310060739517212,2.3887650966644287,0.3204225856696331,True
54,129.84718322753906,84.89128875732422,144.29808044433594,75.49281311035156,2.748317241668701,2.775062084197998,0.34155927827061233,True
55,130.02154541015625,33.27688217163086,148.0111846923828,22.54472541809082,19.031930923461914,19.26837730407715,0.5367696436265118,True
56,130.06732177734375,204.37835693359375,138.61012268066406,193.88217163085938,6.382192134857178,6.271407604217529,0.20293051770416723,True
57,132.35104370117188,103.1412124633789,145.84446716308594,93.53065490722656,2.5781173706054688,2.7035584449768066,0.3780375919813273,True
58,132.51754760742188,359.59417724609375,133.05419921875,347.7204895019531,7.828624725341797,7.787291049957275,0.5334825153506814,True
59,133.68710327148438,281.6163024902344,138.1813507080078,269.8451232910156,2.3845040798187256,2.4664995670318604,0.48202809619334563,True
60,134.59292602539062,70.13128662109375,149.76646423339844,61.11848831176758,2.6906790733337402,2.660571813583374,0.4069003095928724,True
61,134.63601684570312,51.078853607177734,151.0879364013672,42.63138198852539,2.967519760131836,3.1370739936828613,0.5790560061034766,True
62,135.201904296875,109.3520736694336,148.34397888183594,99.83440399169922,2.4400694370269775,2.445119857788086,0.7254372176314845,True
63,135.63819885253906,84.30140686035156,150.15235900878906,75.27722930908203,2.0222556591033936,2.109501361846924,0.43433209354222724,True
64,135.6444854736328,89.56842803955078,149.9044647216797,80.5172119140625,2.1185638904571533,2.100094795227051,0.49609317844546413,True
65,136.10409545898438,102.50365447998047,149.25717163085938,93.06785583496094,10.334697723388672,10.827805519104004,0.18335647851599501,True
66,136.60023498535156,104.87013244628906,150.05641174316406,95.68756103515625,2.271902322769165,2.2422356605529785,0.26456356206028653,True
67,138.35372924804688,114.21763610839844,151.34852600097656,105.0230941772461,2.4208853244781494,2.501291036605835,0.3600106149234435,True
68,142.28114318847656,81.95365142822266,156.94546508789062,72.78321075439453,6.064579010009766,6.145165920257568,0.204441220182127,True
69,143.1011199951172,110.85449981689453,156.068603515625,101.72843170166016,2.0435030460357666,2.009066343307495,0.387512002635198,True
70,145.08084106445312,321.3309631347656,147.09487915039062,310.4728698730469,3.996602773666382,3.9469850063323975,0.37515026901802956,True
71,145.09375,314.62579345703125,147.7316436767578,303.7858581542969,4.697022438049316,4.676858425140381,0.3378780832057546,True
72,146.7290802001953,188.79498291015625,155.46580505371094,178.66848754882812,3.41282057762146,3.2333362102508545,0.7485535139638355,True
73,146.92172241210938,40.92691421508789,163.580810546875,32.784423828125,2.6330440044403076,2.64504337310791,0.31790524366482603,True
74,147.07510375976562,52.01618957519531,162.9930877685547,43.78188705444336,2.982328176498413,3.093705892562866,0.41770392046577326,True
75,147.48458862304688,85.17434692382812,161.4095458984375,76.5487060546875,3.038273572921753,3.2509753704071045,0.3973021601808158,True
76,149.54669189453125,61.92401123046875,164.76025390625,53.68931579589844,2.487840175628662,2.6405560970306396,0.37676900161644117,True
77,150.49835205078125,204.1141357421875,158.95899963378906,194.32557678222656,13.751303672790527,13.10575008392334,0.13203616029248347,True
78,150.79263305664062,67.34307861328125,165.8134307861328,59.403926849365234,3.922076463699341,3.689450979232788,0.2885647280688679,True
79,150.96337890625,53.707786560058594,167.17820739746094,45.15961456298828,2.4609568119049072,1.9845449924468994,0.6401061729745959,True
80,151.22268676757812,41.48554611206055,167.74742126464844,33.456451416015625,2.5112242698669434,2.3190715312957764,0.4515363675146717,True
81,152.83656311035156,51.82944869995117,167.68931579589844,43.94270324707031,19.387672424316406,18.96863555908203,0.37463343221609857,True
82,152.83656311035156,51.82944869995117,167.68931579589844,43.94270324707031,19.387672424316406,18.96863555908203,0.41498945491069167,True
83,153.8357391357422,48.6094856262207,169.8828887939453,41.052574157714844,2.8354146480560303,2.746262550354004,0.4261781294739273,True
84,154.57015991210938,38.59962463378906,171.04214477539062,30.926189422607422,2.1418838500976562,2.06351375579834,0.3394708031616044,True
85,154.69422912597656,348.6585693359375,155.97909545898438,337.77752685546875,24.386091232299805,24.428857803344727,0.5847650670238452,True
86,155.05752563476562,60.85669708251953,170.43467712402344,53.1153564453125,2.51021671295166,2.6317946910858154,0.3004108100339257,True
87,158.87289428710938,240.31187438964844,165.22157287597656,230.74717712402344,2.4741363525390625,2.1445460319519043,0.6178617798504035,True
88,158.92910766601562,38.62251663208008,175.5269775390625,31.42052459716797,3.1204776763916016,3.3557236194610596,0.5892118651843022,True
89,160.0414276123047,236.59909057617188,166.42709350585938,227.24705505371094,2.3311846256256104,2.288585662841797,0.6082392143563543,True
90,162.4185333251953,129.7764434814453,174.46070861816406,121.67505645751953,2.5718140602111816,2.7188870906829834,0.5544967785366456,True
91,163.34170532226562,45.36567687988281,179.31651306152344,37.945167541503906,2.7080562114715576,3.007314443588257,0.5522117939939405,True
92,165.3380584716797,73.87129211425781,179.77146911621094,66.57263946533203,13.317338943481445,13.11832332611084,0.1876214207692622,True
93,165.3380584716797,73.87129211425781,179.77146911621094,66.57263946533203,13.317338943481445,13.11832332611084,0.14041992548719415,True
94,166.4783172607422,28.09688949584961,182.90670776367188,21.801395416259766,7.5689377784729,8.068153381347656,0.3118970082010853,True
95,166.49139404296875,311.1372375488281,168.94244384765625,301.13873291015625,2.8868324756622314,3.050994873046875,0.3944400886957253,True
96,167.06130981445312,209.0144805908203,174.98190307617188,200.2493133544922,2.5283591747283936,2.749666452407837,0.46994460776469665,True
97,167.4603271484375,241.35411071777344,173.87405395507812,232.19314575195312,2.4835829734802246,2.1680495738983154,0.46782584013579015,True
98,167.54742431640625,110.19031524658203,180.70950317382812,102.36819458007812,16.401723861694336,16.38503074645996,0.12382299039110561,True
99,167.73422241210938,325.6699523925781,230.33302307128906,163.5797882080078,1.8566362857818604,5.134378433227539,0.6407491762943286,False
100,167.75949096679688,307.384765625,170.3362274169922,297.4475402832031,2.911531686782837,2.953939199447632,0.16863019189428988,True
101,167.8268280029297,224.9700164794922,174.8596954345703,216.092529296875,2.367771863937378,2.4871318340301514,0.23063848675479978,True
102,167.8268280029297,224.9700164794922,174.8596954345703,216.092529296875,2.367771863937378,2.4871318340301514,0.4815646356244477,True
103,168.35609436035156,203.41197204589844,176.58250427246094,194.60499572753906,2.0362114906311035,2.257727861404419,0.6006614305536855,True
104,169.42774963378906,212.74815368652344,176.7756805419922,204.3240203857422,7.629171848297119,7.831124305725098,0.2935245178147966,True
105,169.86920166015625,238.43600463867188,176.09622192382812,229.35781860351562,2.0393686294555664,2.352165937423706,0.7581954951762854,True
106,170.01116943359375,14.437615394592285,158.97694396972656,237.71041870117188,2.187925338745117,2.1518383026123047,0.7937442822784893,False
107,170.589599609375,130.90411376953125,182.45240783691406,123.06387329101562,3.2469444274902344,3.523446798324585,0.7859251671754428,True
108,170.94981384277344,44.287254333496094,187.07093811035156,37.28993225097656,2.9234864711761475,3.304969072341919,0.42971925839476155,True
109,171.92446899414062,250.20376586914062,178.2188262939453,240.66864013671875,9.980134963989258,9.828812599182129,0.3968897857676382,True
110,171.92446899414062,250.20376586914062,178.2188262939453,240.66864013671875,9.980134963989258,9.828812599182129,0.20645864058521454,True
111,172.646728515625,230.89178466796875,178.99984741210938,221.8148651123047,2.798847198486328,2.8885514736175537,0.5422038996023993,True
112,172.646728515625,230.89178466796875,178.99984741210938,221.8148651123047,2.798847198486328,2.8885514736175537,0.5384654187117799,True
113,174.36766052246094,41.964088439941406,189.079833984375,35.507205963134766,9.511844635009766,8.327780723571777,0.4486787167378282,True
114,176.09095764160156,92.38253021240234,189.82699584960938,85.22308349609375,3.2550926208496094,3.1960766315460205,0.2124973118122556,True
115,176.38902282714844,296.9486389160156,186.36436462402344,52.178714752197266,6.120838165283203,4.628303527832031,0.7490068476545875,False
116,178.294921875,262.89837646484375,183.35328674316406,254.3740997314453,2.331833600997925,2.1243560314178467,0.4102068119781226,True
117,178.8331298828125,375.7948913574219,177.821533203125,366.0234680175781,2.314502716064453,2.3436648845672607,0.340471061106617,True
118,178.91876220703125,351.1859130859375,179.66403198242188,341.3639831542969,2.605029821395874,2.753777265548706,0.7071403991207394,True
119,178.98556518554688,187.11643981933594,186.08555603027344,180.07179260253906,13.8739652633667,13.308158874511719,0.2704875891154959,True
120,179.3911895751953,258.318603515625,184.35507202148438,249.03916931152344,2.568065643310547,2.977909803390503,0.4048321429753681,True
121,180.35536193847656,335.74884033203125,182.09207153320312,325.8586730957031,7.604671478271484,7.887661933898926,0.35347332871975845,True
122,181.95054626464844,316.8503112792969,184.25820922851562,307.7818298339844,3.071726083755493,3.1218831539154053,0.27887975530309406,True
123,184.007568359375,271.3728942871094,188.52056884765625,262.8990478515625,6.858073711395264,6.890830993652344,0.2961216589897583,True
124,184.13275146484375,258.6104736328125,189.27142333984375,249.73814392089844,6.17676305770874,5.904273509979248,0.2158336426404838,True
125,184.19895935058594,272.8021240234375,188.60690307617188,264.5872802734375,7.944060802459717,8.134037017822266,0.4580495068636108,True
126,184.54110717773438,245.51751708984375,190.48875427246094,237.4022979736328,2.6921727657318115,2.4715213775634766,0.2952463490159199,True
127,186.7938232421875,23.563312530517578,202.07179260253906,19.053483963012695,18.547700881958008,17.589500427246094,0.6108907999242313,True
128,187.0109405517578,119.88427734375,225.45228576660156,6.863979339599609,2.174023389816284,2.021699905395508,0.78398015911885,False
129,187.29063415527344,384.4218444824219,186.42893981933594,375.3911437988281,2.307922124862671,2.294599771499634,0.300135434801544,True
130,187.91213989257812,312.92333984375,190.2843475341797,304.1891174316406,2.6746633052825928,2.681337356567383,0.3784905143962051,True
131,188.70018005371094,329.9414367675781,190.12973022460938,321.2037658691406,2.1981730461120605,2.4023187160491943,0.5779590299469707,True
132,189.31109619140625,105.4457778930664,202.1383514404297,98.83019256591797,6.199829578399658,6.008965015411377,0.13254560881255856,True
133,189.88807678222656,47.979862213134766,205.67208862304688,41.98796463012695,2.4465508460998535,2.470954656600952,0.4865946362910883,True
134,190.0720977783203,92.01667785644531,203.5242919921875,85.71417236328125,3.1307575702667236,3.2894065380096436,0.11641976486266836,True
135,190.0720977783203,92.01667785644531,203.5242919921875,85.71417236328125,3.1307575702667236,3.2894065380096436,0.2549706000464246,True
136,191.60374450683594,142.84793090820312,203.28207397460938,135.58145141601562,13.62217903137207,13.477765083312988,0.1748985082203034,True
137,192.85105895996094,171.37246704101562,202.50035095214844,164.40780639648438,2.396667957305908,2.363335609436035,0.29243979588613556,True
138,193.1708526611328,86.26720428466797,206.9139404296875,80.02867126464844,2.254408836364746,2.2087130546569824,0.26053337205307775,True
139,194.9239044189453,55.03889846801758,210.0032501220703,49.033851623535156,2.324047803878784,2.3247275352478027,0.20379789783024793,True
140,195.4811553955078,283.816650390625,199.4757843017578,275.6217041015625,21.768835067749023,21.847707748413086,0.1154281853023135,True
141,195.4811553955078,283.816650390625,199.4757843017578,275.6217041015625,21.768835067749023,21.847707748413086,0.11544633337315621,True
142,196.23085021972656,179.31903076171875,205.35940551757812,172.32015991210938,2.518209457397461,2.5151472091674805,0.5279835646201168,True
143,196.54641723632812,115.91797637939453,209.2020721435547,110.09245300292969,6.868721008300781,6.301940441131592,0.17975761594994333,True
144,196.70481872558594,308.7344665527344,199.98388671875,300.639892578125,8.803152084350586,9.423417091369629,0.33697182028263944,True
145,197.0923309326172,59.66305160522461,212.48512268066406,53.9681510925293,2.8674468994140625,2.6236000061035156,0.3228970221048382,True
146,197.81483459472656,254.71530151367188,203.03619384765625,246.2750244140625,12.258740425109863,12.238992691040039,0.1428531078234936,True
147,197.90455627441406,186.660888671875,250.4857635498047,259.6590881347656,1.9032472372055054,1.9556878805160522,0.7253671860010799,False
148,199.29263305664062,52.0267219543457,214.59503173828125,46.22726058959961,10.37275218963623,10.347627639770508,0.19018343111619151,True
149,199.84144592285156,42.010475158691406,215.79339599609375,36.662174224853516,1.924551010131836,2.2043919563293457,0.7049650634027791,True
150,200.0015411376953,144.96585083007812,209.80604553222656,136.86099243164062,3.1195476055145264,3.6584484577178955,0.6687770179148491,True
151,200.47239685058594,250.0653076171875,206.21214294433594,242.727783203125,2.5096964836120605,2.4139349460601807,0.35854170971848337,True
152,200.71202087402344,58.711544036865234,215.80035400390625,53.26002883911133,2.11824107170105,1.9989222288131714,0.38083868478614735,True
153,201.01730346679688,129.774169921875,212.57394409179688,123.42750549316406,2.5776755809783936,2.6115071773529053,0.33091426602568924,True
154,201.16502380371094,170.6276092529297,210.6434326171875,164.01657104492188,2.4274041652679443,2.5530195236206055,0.4970119581070823,True
155,201.29763793945312,307.1138916015625,203.5767822265625,298.9709167480469,1.9477847814559937,2.06369686126709,0.49472619037946286,True
156,201.4373016357422,330.78509521484375,203.03662109375,322.6269226074219,2.0437541007995605,1.9720165729522705,0.722110579877881,True
157,201.87059020996094,178.79977416992188,211.16891479492188,171.9801025390625,2.5480878353118896,2.7819290161132812,0.7242138135503539,True
158,202.40972900390625,303.4960021972656,205.1343994140625,295.613037109375,2.328023910522461,2.231443166732788,0.3145960585229837,True
159,203.09339904785156,210.47601318359375,210.20553588867188,203.15512084960938,25.847333908081055,25.824752807617188,0.7457946637107462,True
160,203.43435668945312,95.21796417236328,216.84591674804688,89.40593719482422,12.269706726074219,12.207453727722168,0.12290532153140443,True
161,203.4915313720703,244.74185180664062,209.58763122558594,237.72621154785156,1.9418693780899048,1.8111568689346313,0.3661036182175225,True
162,205.7136688232422,252.21792602539062,210.94024658203125,244.94317626953125,2.2328994274139404,2.1133198738098145,0.37738646447123475,True
163,205.81524658203125,266.4363098144531,210.32229614257812,259.11737060546875,2.7323906421661377,2.626230239868164,0.2835003345958784,True
164,205.91712951660156,106.97631072998047,218.5714111328125,101.38651275634766,2.280804395675659,2.128016471862793,0.3696827033942603,True
165,205.9896240234375,95.30359649658203,219.125732421875,89.60095977783203,2.519440174102783,2.612993001937866,0.34488488929918515,True
166,205.9896240234375,95.30359649658203,219.125732421875,89.60095977783203,2.519440174102783,2.612993001937866,0.2951486396770978,True
167,206.28131103515625,356.5449523925781,206.5399169921875,348.34417724609375,18.77395248413086,18.75314712524414,0.45873948759837957,True
168,206.28131103515625,356.5449523925781,206.5399169921875,348.34417724609375,18.77395248413086,18.75314712524414,0.5300463078476656,True
169,206.30804443359375,119.25021362304688,218.27598571777344,113.31535339355469,3.7017650604248047,3.764054536819458,0.18966560193939475,True
170,206.79725646972656,301.24273681640625,209.35247802734375,293.7537536621094,3.622637987136841,3.3523964881896973,0.2983754274208075,True
171,207.67897033691406,249.93646240234375,213.03817749023438,242.7869873046875,2.444368362426758,2.3660995960235596,0.39699048951447136,True
172,208.06910705566406,98.00849914550781,221.16477966308594,92.44883728027344,2.1055479049682617,2.139096736907959,0.3159116979452026,True
173,208.71205139160156,179.27578735351562,217.8277130126953,172.7686004638672,3.1782596111297607,3.3020546436309814,0.6178178471847465,True
174,209.21534729003906,104.91626739501953,221.87254333496094,99.55940246582031,2.6325128078460693,2.4808428287506104,0.33094983333629535,True
175,209.4368896484375,28.09136390686035,226.1593780517578,21.362281799316406,8.612979888916016,9.044455528259277,0.40261569101620037,True
176,211.24578857421875,165.592041015625,220.97975158691406,159.71649169921875,5.171678066253662,5.147737503051758,0.2571905484933381,True
177,211.88328552246094,96.65728759765625,224.94679260253906,91.13153839111328,2.3890538215637207,2.4584245681762695,0.2868777057634546,True
178,212.26918029785156,154.5616912841797,222.43968200683594,148.6366424560547,2.9918458461761475,3.0779950618743896,0.5155774095884051,True
179,212.41676330566406,172.49502563476562,221.82662963867188,166.53836059570312,2.111166000366211,2.03527569770813,0.3062406214531082,True
180,212.79476928710938,118.89534759521484,224.63221740722656,113.19842529296875,5.403071880340576,5.400588035583496,0.22508639531192912,True
181,213.980712890625,143.6765594482422,224.77511596679688,137.68167114257812,1.8979460000991821,2.259995698928833,0.6071279799998125,True
182,214.33932495117188,176.5499725341797,223.51979064941406,170.4098663330078,3.223243474960327,3.1285836696624756,0.34864761953194295,True
183,215.97328186035156,89.8990707397461,229.76065063476562,85.17031860351562,2.5232937335968018,2.578925609588623,0.2934234958611432,True
184,216.46446228027344,315.3056640625,218.54151916503906,309.2286071777344,2.989185333251953,3.0196382999420166,0.2231731765439671,True
185,216.82113647460938,294.73321533203125,220.0089111328125,287.68536376953125,2.152888059616089,1.9654827117919922,0.39346941066902963,True
186,217.1016845703125,258.3631896972656,221.99293518066406,251.55677795410156,2.7596452236175537,2.7924654483795166,0.31394095448792864,True
187,217.5369415283203,162.29913330078125,226.7964324951172,156.88368225097656,3.39793062210083,3.138917922973633,0.24997492009111152,True
188,218.41714477539062,247.33946228027344,224.00811767578125,241.0545654296875,2.3262712955474854,2.2237191200256348,0.360061629678368,True
189,218.8765106201172,85.9730224609375,231.68849182128906,80.29290008544922,13.482391357421875,12.951428413391113,0.16288939374884445,True
190,218.88987731933594,98.37178802490234,231.84654235839844,93.28534698486328,2.6159770488739014,2.5387942790985107,0.25928195873704235,True
191,219.38099670410156,242.99310302734375,225.20848083496094,236.65127563476562,2.8813629150390625,2.8972270488739014,0.26536420018954904,True
192,220.06800842285156,111.12991333007812,232.2854766845703,105.9424819946289,5.378737449645996,5.53180456161499,0.14420083973221148,True
193,220.06800842285156,111.12991333007812,232.2854766845703,105.9424819946289,5.378737449645996,5.53180456161499,0.26639769454563517,True
194,221.38900756835938,9.562829971313477,238.66571044921875,5.468320846557617,2.752056837081909,2.457616090774536,0.7091642717831277,True
195,221.64410400390625,322.20220947265625,223.1143798828125,315.070556640625,3.1706011295318604,3.1557929515838623,0.24232836205909344,True
196,224.01364135742188,334.81817626953125,225.0495147705078,327.8240661621094,2.283111572265625,2.249351739883423,0.426736945724927,True
197,224.1907196044922,277.60150146484375,228.24484252929688,271.01318359375,13.398262023925781,12.99314022064209,0.18781713358186322,True
198,224.1907196044922,277.60150146484375,228.24484252929688,271.01318359375,13.398262023925781,12.99314022064209,0.1253077395337304,True
199,224.75021362304688,338.75897216796875,225.43557739257812,331.58319091796875,1.9292181730270386,1.8910707235336304,0.40153356299402293,True
200,224.98707580566406,123.43192291259766,236.40127563476562,118.74083709716797,1.9493992328643799,2.091067314147949,0.3054855179552709,True
201,225.04147338867188,146.2436065673828,235.14501953125,140.59971618652344,4.15548038482666,4.250463008880615,0.22728079974807622,True
202,225.75689697265625,262.1717834472656,230.24234008789062,255.46461486816406,3.1226842403411865,3.0477163791656494,0.45043840025942394,True
203,226.16891479492188,11.807530403137207,242.91159057617188,7.686110019683838,2.5808653831481934,2.5553722381591797,0.4591544083966946,True
204,227.94671630859375,110.89201354980469,240.23028564453125,106.3036117553711,4.695704460144043,4.712892055511475,0.19788108186380243,True
205,228.00035095214844,157.3909454345703,237.86114501953125,152.36785888671875,1.9439201354980469,2.0359036922454834,0.33405521092842066,True
206,228.08551025390625,339.06146240234375,228.8499298095703,332.05267333984375,2.0851542949676514,2.1699864864349365,0.5052308220913817,True
207,229.05892944335938,268.0235290527344,233.30706787109375,261.8065185546875,3.130331039428711,3.006821632385254,0.294648813925052,True
208,229.13970947265625,99.54861450195312,242.20684814453125,95.09040832519531,2.7258951663970947,2.7268903255462646,0.6232394084957774,True
209,229.67408752441406,252.2481231689453,234.61231994628906,246.0880584716797,9.548274040222168,9.5007963180542,0.20374684601438267,True
210,230.05935668945312,286.6023864746094,233.2926025390625,280.25189208984375,3.837470293045044,3.7509357929229736,0.3483316426109553,True
211,230.33352661132812,94.66736602783203,243.28616333007812,90.23519134521484,3.6888604164123535,3.709481954574585,0.3237869941656119,True
212,230.59262084960938,161.3162078857422,240.989501953125,156.18386840820312,3.8118560314178467,3.8191311359405518,0.3875510736995324,True
213,230.68223571777344,111.02404022216797,242.78379821777344,106.3699951171875,1.8973726034164429,1.980205774307251,0.33172924847514,True
214,230.918212890625,342.96234130859375,234.6543426513672,344.833251953125,1.991755485534668,1.9981878995895386,0.7431616813864801,False
215,232.6973114013672,13.44465160369873,249.7130889892578,9.928905487060547,3.0304925441741943,3.267751455307007,0.4449256267600167,True
216,233.24615478515625,268.2794189453125,237.50242614746094,262.12939453125,1.9190683364868164,1.954056739807129,0.2943833935996224,True
217,233.31219482421875,171.68882751464844,242.79745483398438,166.4673614501953,12.927533149719238,13.031878471374512,0.15892403797527285,True
218,233.49021911621094,195.28114318847656,241.3759002685547,189.09878540039062,15.558295249938965,14.874551773071289,0.25569109512563337,True
219,233.927978515625,51.06893539428711,249.23023986816406,47.12910461425781,34.37468719482422,33.536617279052734,0.23907660842600506,True
220,234.94168090820312,339.6804504394531,235.68356323242188,333.2811279296875,5.250751495361328,5.400595664978027,0.1968649963154719,True
221,236.58236694335938,157.2664794921875,245.90782165527344,152.5070037841797,3.676772356033325,3.567704916000366,0.4092832407304349,True
222,236.8467254638672,91.26614379882812,250.08499145507812,87.29972839355469,3.7639005184173584,3.4761452674865723,0.5469339008265572,True
223,237.057373046875,208.99505615234375,244.30397033691406,203.873046875,2.4325125217437744,2.5202431678771973,0.5071929138997631,True
224,237.97073364257812,99.42227935791016,250.9124755859375,95.4796371459961,2.0410125255584717,2.007918119430542,0.42591321576279234,True
225,238.01243591308594,151.22471618652344,248.16343688964844,146.3652801513672,2.5429296493530273,2.758359670639038,0.28350760628110105,True
226,242.7504119873047,199.52578735351562,250.52032470703125,194.91531372070312,2.4614217281341553,2.5829522609710693,0.6630304158167296,True
227,245.3539581298828,94.20204162597656,258.223876953125,90.5185546875,1.8452097177505493,1.9992029666900635,0.4981708179226605,True
228,246.54039001464844,163.63040161132812,255.88058471679688,159.5814208984375,2.9188427925109863,2.9122912883758545,0.4875214497883412,True
229,246.84890747070312,17.387922286987305,263.4635009765625,14.437986373901367,2.1837263107299805,2.1356329917907715,0.2642674085118502,True
230,247.31378173828125,159.5400390625,257.003662109375,155.2120819091797,1.9670603275299072,2.0066449642181396,0.6135055717245468,True
231,247.40768432617188,13.599264144897461,264.0846862792969,10.657560348510742,2.7632055282592773,2.9583358764648438,0.5436964323328547,True
232,247.50204467773438,239.04754638671875,253.21412658691406,234.04051208496094,11.584997177124023,11.636401176452637,0.26880978118311655,True
233,248.22621154785156,262.17742919921875,252.53611755371094,256.9092102050781,1.8884146213531494,1.9793872833251953,0.6782356920456434,True
234,248.40621948242188,346.9573669433594,249.7001495361328,340.90618896484375,16.247276306152344,16.80575942993164,0.34008026331300945,True
235,250.4670867919922,12.3748779296875,267.2926940917969,9.544268608093262,2.179080009460449,2.1655004024505615,0.28591710679936055,True
236,250.96226501464844,247.55751037597656,255.70748901367188,242.64927673339844,2.4246976375579834,2.1466615200042725,0.6226170225826151,True
237,251.95211791992188,161.63356018066406,261.3570556640625,157.37509155273438,2.375732183456421,2.6755759716033936,0.5202560817328853,True
238,252.52670288085938,151.1636505126953,262.34027099609375,147.16432189941406,1.8729530572891235,1.932000756263733,0.16007299410638945,True
239,252.53286743164062,255.74012756347656,256.9953918457031,250.77479553222656,2.542795181274414,2.6128387451171875,0.6454691635121771,True
240,253.1241912841797,261.1441345214844,257.663330078125,256.0592956542969,2.129209518432617,1.9729145765304565,0.552265843768817,True
241,254.91395568847656,142.3143768310547,265.30279541015625,138.5616455078125,1.7968229055404663,1.9104083776474,0.7171439857268689,True
242,256.66253662109375,155.47056579589844,266.3274841308594,151.62123107910156,2.116884708404541,2.1577062606811523,0.49827253730640225,True
243,256.76519775390625,292.0037536621094,259.5747985839844,286.5682373046875,28.038822174072266,27.749591827392578,0.21098589816463445,True
244,258.1861572265625,266.9710998535156,282.0121154785156,304.3287048339844,4.282365322113037,1.8942123651504517,0.6741097101403044,False
245,258.2964782714844,29.54580307006836,274.36871337890625,27.474536895751953,2.6376490592956543,2.6420626640319824,0.5484794256503533,True
246,258.350341796875,98.97088623046875,271.1703796386719,95.9497299194336,2.5746829509735107,2.7055442333221436,0.5297905642206607,True
247,259.7605895996094,105.78548431396484,271.5306396484375,102.834228515625,10.126709938049316,9.666691780090332,0.2552184455365781,True
248,260.7420959472656,230.9617156982422,267.84503173828125,226.39682006835938,19.805082321166992,20.01235580444336,0.19321500776457157,True
249,262.1368103027344,144.67868041992188,272.210693359375,141.3946075439453,2.402139663696289,2.3559505939483643,0.2722364090613635,True
250,262.50384521484375,137.27212524414062,273.00616455078125,134.17630004882812,2.3537075519561768,2.2955472469329834,0.22169938179885545,True
251,264.38641357421875,95.46623992919922,277.513671875,93.08787536621094,5.008368492126465,5.060704231262207,0.23184011215423211,True
252,265.0599060058594,333.7633972167969,265.84197998046875,328.5489196777344,2.174297332763672,2.365522623062134,0.5528481050820166,True
253,265.8078918457031,105.8131332397461,277.98431396484375,103.2830810546875,2.563807487487793,2.4732656478881836,0.32423829983769753,True
254,267.2991638183594,256.21514892578125,272.4767150878906,251.82501220703125,16.939374923706055,16.1603946685791,0.1715951777583313,True
255,267.40765380859375,23.837997436523438,283.5292053222656,21.81117820739746,2.974616765975952,3.0317037105560303,0.7100824325890864,True
256,267.8424072265625,71.54084777832031,282.2930603027344,69.11750030517578,3.05753493309021,2.5906760692596436,0.5075410229887891,True
257,277.77764892578125,99.6845932006836,289.2735900878906,97.43278503417969,11.994592666625977,11.443166732788086,0.14023691030720234,True
258,280.88824462890625,311.3735656738281,282.5375061035156,307.5907287597656,1.8107448816299438,1.8819780349731445,0.7914529864371369,True
259,288.2877197265625,139.19178771972656,298.46435546875,137.33726501464844,10.039375305175781,9.858428001403809,0.3413296250458418,True
260,294.68310546875,48.16801452636719,309.73223876953125,46.72734451293945,3.252713441848755,4.086791038513184,0.6466565517126722,True
261,296.7137451171875,63.884368896484375,310.16436767578125,64.52302551269531,31.57368278503418,30.526386260986328,0.3282046250495373,True
262,300.9803161621094,298.87054443359375,303.01605224609375,296.0712890625,2.159961700439453,2.0633389949798584,0.3722861060226789,True
263,321.66546630859375,256.38653564453125,326.1347961425781,255.18637084960938,32.051292419433594,32.10578536987305,0.2771471603400415,True
264,327.2690734863281,362.7748107910156,324.9446716308594,358.0618591308594,25.274677276611328,22.714494705200195,0.7155349110867059,True
265,329.1055603027344,316.67852783203125,330.1089172363281,315.46575927734375,24.409292221069336,23.926591873168945,0.43402919028568804,True
266,333.3031311035156,25.42367172241211,344.3453674316406,28.52167510986328,18.31123924255371,15.395289421081543,0.6966998193587436,True
267,338.2154846191406,14.72177505493164,354.1348571777344,16.460716247558594,1.9843120574951172,1.8957188129425049,0.5752414158720557,True
268,343.49102783203125,13.611806869506836,359.39068603515625,15.610065460205078,2.0017497539520264,1.9895610809326172,0.4811408221515326,True
269,361.6319274902344,121.32476806640625,251.19442749023438,218.24139404296875,1.9864853620529175,1.8286705017089844,0.8187271293341257,False
270,366.3712158203125,25.421804428100586,381.5970764160156,28.826942443847656,17.15354347229004,13.785984992980957,0.7237050987496361,True
271,391.6544494628906,55.82844161987305,261.8073425292969,250.88014221191406,2.6646840572357178,2.2189090251922607,0.7952146139692972,False
