Longitude,Latitude,Pixel,Scan
21.6301002,-26.238418,0,0
21.4869607,-26.2375869,50,0
21.343974,-26.236607,100,0
21.201101,-26.2354785,150,0
21.0583031,-26.2342013,200,0
20.9183965,-26.2328053,249,0
21.6295848,-26.1028812,0,50
21.4866184,-26.1020652,50,50
21.3438045,-26.1011013,100,50
21.2011043,-26.0999896,150,50
21.0584789,-26.0987301,200,50
20.9187415,-26.0973522,249,50
21.6290659,-25.9673397,0,100
21.4862713,-25.9665388,50,100
21.3436291,-25.9655908,100,100
21.2011004,-25.9644959,150,100
21.0586464,-25.963254,200,100
20.9190769,-25.9618942,249,100
21.6285527,-25.8318069,0,150
21.4859287,-25.831021,50,150
21.3434569,-25.8300889,100,150
21.2010985,-25.8290106,150,150
21.0588147,-25.8277863,200,150
20.9194119,-25.8264446,249,150
21.6280444,-25.6962742,0,200
21.4855898,-25.6955033,50,200
21.3432872,-25.694587,100,200
21.2010979,-25.6935254,150,200
21.0589831,-25.6923186,200,200
20.9197459,-25.6909948,249,200
21.6275346,-25.560736,0,250
21.4852482,-25.5599801,50,250
21.3431136,-25.5590797,100,250
21.2010922,-25.5580348,150,250
21.0591452,-25.5568455,200,250
20.9200724,-25.5555397,249,250
21.6270262,-25.4251967,0,300
21.4849068,-25.4244558,50,300
21.3429391,-25.4235711,100,300
21.2010844,-25.4225429,150,300
21.059304,-25.4213712,200,300
20.9203943,-25.4200834,249,300
21.626524,-25.2896594,0,350
21.4845705,-25.2889336,50,350
21.3427684,-25.2880649,100,350
21.2010791,-25.2870534,150,350
21.0594642,-25.2858992,200,350
20.9207166,-25.2846294,249,350
21.6260176,-25.1541197,0,400
21.4842287,-25.1534088,50,400
21.3425911,-25.1525559,100,400
21.2010662,-25.151561,150,400
21.0596155,-25.1504243,200,400
20.9210288,-25.1491725,249,400
21.625517,-25.0185708,0,450
21.4838916,-25.017875,50,450
21.3424174,-25.0170379,100,450
21.2010556,-25.0160597,150,450
21.0597679,-25.0149404,200,450
20.9213409,-25.0137066,249,450
21.6250213,-24.8830346,0,500
21.4835582,-24.8823537,50,500
21.342246,-24.8815324,100,500
21.2010462,-24.8805708,150,500
21.0599204,-24.879469,200,500
20.9216521,-24.8782531,249,500
21.624522,-24.7474976,0,550
21.4832201,-24.7468315,50,550
21.3420689,-24.7460259,100,550
21.2010299,-24.7450808,150,550
21.0600648,-24.7439964,200,550
20.9219539,-24.7427983,249,550
21.6240283,-24.6119472,0,600
21.4828864,-24.6112962,50,600
21.341895,-24.6105064,100,600
21.2010157,-24.609578,150,600
21.0602102,-24.6085111,200,600
20.9222556,-24.6073309,249,600
21.6235418,-24.4764056,0,650
21.4825586,-24.4757698,50,650
21.3417258,-24.474996,100,650
21.201005,-24.4740844,150,650
21.060358,-24.4730351,200,650
20.9225586,-24.4718731,249,650
21.6230488,-24.3408674,0,700
21.4822234,-24.3402463,50,700
21.3415481,-24.3394882,100,700
21.2009847,-24.3385931,150,700
21.0604949,-24.3375611,200,700
20.9228496,-24.3364168,249,700
21.6225639,-24.2053187,0,750
21.4818949,-24.2047128,50,750
21.341376,-24.2039706,100,750
21.2009688,-24.2030923,150,750
21.0606351,-24.202078,200,750
20.9231428,-24.2009517,249,750
21.6220801,-24.0697666,0,800
21.4815665,-24.0691759,50,800
21.3412028,-24.0684496,100,800
21.2009506,-24.0675881,150,800
21.060772,-24.0665913,200,800
20.9234315,-24.0654831,249,800
21.6215963,-23.9342196,0,850
21.481237,-23.933644,50,850
21.3410274,-23.9329337,100,850
21.2009292,-23.9320889,150,850
21.0609044,-23.9311097,200,850
20.9237147,-23.9300195,249,850
21.6211199,-23.798669,0,900
21.4809137,-23.7981083,50,900
21.340857,-23.7974138,100,900
21.2009117,-23.7965857,150,900
21.0610396,-23.7956238,200,900
20.9239995,-23.7945515,249,900
21.6206401,-23.6631307,0,950
21.4805859,-23.662585,50,950
21.3406811,-23.6619062,100,950
21.2008875,-23.6610946,150,950
21.061167,-23.6601502,200,950
20.9242755,-23.6590957,249,950
21.6201621,-23.5275781,0,1000
21.4802588,-23.5270472,50,1000
21.3405047,-23.5263841,100,1000
21.2008617,-23.5255889,150,1000
21.0612917,-23.5246617,200,1000
20.9245476,-23.5236249,249,1000
21.619691,-23.392027,0,1050
21.4799375,-23.3915112,50,1050
21.340333,-23.3908639,100,1050
21.2008395,-23.3900854,150,1050
21.0614189,-23.3891757,200,1050
20.9248212,-23.3881568,249,1050
21.6192195,-23.2564715,0,1100
21.4796146,-23.2559702,50,1100
21.3401587,-23.2553383,100,1100
21.2008135,-23.254576,150,1100
21.0615412,-23.2536832,200,1100
20.9250888,-23.2526818,249,1100
21.6187501,-23.1209229,0,1150
21.4792928,-23.1204366,50,1150
21.3399842,-23.1198205,100,1150
21.2007863,-23.1190747,150,1150
21.0616613,-23.1181994,200,1150
20.925353,-23.1172158,249,1150
21.6182862,-22.9853691,0,1200
21.4789753,-22.9848981,50,1200
21.3398131,-22.9842981,100,1200
21.2007614,-22.9835692,150,1200
21.0617824,-22.9827116,200,1200
20.9256173,-22.9817461,249,1200
21.6178219,-22.8498167,0,1250
21.4786565,-22.8493608,50,1250
21.3396394,-22.8487766,100,1250
21.2007328,-22.8480644,150,1250
21.0618989,-22.8472242,200,1250
20.9258758,-22.8462767,249,1250
21.6173651,-22.7142604,0,1300
21.4783438,-22.7138195,50,1300
21.3394709,-22.7132511,100,1300
21.2007083,-22.7125555,150,1300
21.0620183,-22.7117327,200,1300
20.9261363,-22.710803,249,1300
21.6169088,-22.5787062,0,1350
21.4780307,-22.5782802,50,1350
21.3393008,-22.5777276,100,1350
21.2006811,-22.5770486,150,1350
21.062134,-22.5762433,200,1350
20.926392,-22.5753313,249,1350
21.6164478,-22.4431523,0,1400
21.4777119,-22.4427413,50,1400
21.339124,-22.4422045,100,1400
21.2006462,-22.4415421,150,1400
21.0622408,-22.4407542,200,1400
20.9266377,-22.4398601,249,1400
21.6159942,-22.3076012,0,1450
21.4773993,-22.3072053,50,1450
21.3389523,-22.3066844,100,1450
21.2006152,-22.3060387,150,1450
21.0623506,-22.3052682,200,1450
20.9268853,-22.3043919,249,1450
21.6155424,-22.1720382,0,1500
21.4770875,-22.1716574,50,1500
21.3387803,-22.1711524,100,1500
21.200583,-22.1705233,150,1500
21.062458,-22.1697702,200,1500
20.9271296,-22.1689118,249,1500
21.6150893,-22.0364836,0,1550
21.4767733,-22.0361176,50,1550
21.3386049,-22.0356282,100,1550
21.2005462,-22.0350155,150,1550
21.0625598,-22.0342796,200,1550
20.9273671,-22.0334389,249,1550
21.6146417,-21.9009305,0,1600
21.4764636,-21.9005795,50,1600
21.3384328,-21.9001059,100,1600
21.2005118,-21.8995098,150,1600
21.0626629,-21.8987914,200,1600
20.927605,-21.8979685,249,1600
21.6141939,-21.7653642,0,1650
21.4761526,-21.7650285,50,1650
21.3382585,-21.7645709,100,1650
21.200474,-21.7639917,150,1650
21.0627616,-21.7632909,200,1650
20.9278374,-21.7624861,249,1650
21.613751,-21.6298152,0,1700
21.4758454,-21.6294943,50,1700
21.3380869,-21.6290523,100,1700
21.2004379,-21.6284894,150,1700
21.062861,-21.6278057,200,1700
20.9280694,-21.6270184,249,1700
21.6133123,-21.494248,0,1750
21.4755414,-21.4939421,50,1750
21.3379175,-21.493516,100,1750
21.2004029,-21.4929697,150,1750
21.0629604,-21.4923034,200,1750
20.9283005,-21.491534,249,1750
21.6128757,-21.3586853,0,1800
21.4752385,-21.3583945,50,1800
21.337748,-21.3579841,100,1800
21.2003669,-21.3574544,150,1800
21.0630577,-21.3568054,200,1800
20.9285285,-21.3560537,249,1800
21.6124358,-21.223127,0,1850
21.4749312,-21.222851,50,1850
21.3375732,-21.2224563,100,1850
21.2003245,-21.221943,150,1850
21.0631476,-21.2213113,200,1850
20.928748,-21.2205773,249,1850
21.6119977,-21.0875658,0,1900
21.4746247,-21.0873046,50,1900
21.3373982,-21.0869255,100,1900
21.2002808,-21.0864286,150,1900
21.0632352,-21.085814,200,1900
20.9289642,-21.0850976,249,1900
21.6115639,-20.9519974,0,1950
21.4743215,-20.9517515,50,1950
21.3372254,-20.9513884,100,1950
21.2002384,-20.9509082,150,1950
21.063323,-20.9503112,200,1950
20.9291796,-20.9496128,249,1950
21.6111311,-20.8164385,0,2000
21.4740182,-20.8162076,50,2000
21.3370516,-20.8158603,100,2000
21.2001938,-20.8153967,150,2000
21.0634077,-20.8148171,200,2000
20.9293909,-20.8141364,249,2000
21.6107093,-20.6808787,0,2050
21.4737248,-20.6806628,50,2050
21.3368865,-20.6803313,100,2050
21.2001571,-20.6798843,150,2050
21.0634992,-20.679322,200,2050
20.9296081,-20.678659,249,2050
21.6102772,-20.5453111,0,2100
21.4734203,-20.5451104,50,2100
21.3367094,-20.5447948,100,2100
21.2001072,-20.5443645,150,2100
21.0635765,-20.5438198,200,2100
20.9298101,-20.5431747,249,2100
21.6098503,-20.4097518,0,2150
21.4731199,-20.409566,50,2150
21.3365354,-20.4092662,100,2150
21.2000594,-20.4088524,150,2150
21.0636549,-20.4083249,200,2150
20.9300121,-20.4076975,249,2150
21.6094251,-20.2741814,0,2200
21.4728201,-20.2740107,50,2200
21.336361,-20.2737267,100,2200
21.2000103,-20.2733295,150,2200
21.063731,-20.2728194,200,2200
20.9302108,-20.2722098,249,2200
21.6090025,-20.1386124,0,2250
21.4725221,-20.1384568,50,2250
21.3361873,-20.1381886,100,2250
21.1999608,-20.1378081,150,2250
21.0638057,-20.1373153,200,2250
20.9304072,-20.1367235,249,2250
21.6085844,-20.0030481,0,2300
21.4722274,-20.0029076,50,2300
21.3360159,-20.0026552,100,2300
21.1999128,-20.0022913,150,2300
21.0638808,-20.001816,200,2300
20.9306031,-20.001242,249,2300
21.6081634,-19.8674815,0,2350
21.471929,-19.8673558,50,2350
21.3358399,-19.8671191,100,2350
21.199859,-19.8667716,150,2350
21.0639493,-19.8663134,200,2350
20.9307912,-19.865757,249,2350
21.6077477,-19.7319212,0,2400
21.4716347,-19.7318103,50,2400
21.335667,-19.7315892,100,2400
21.1998073,-19.731258,150,2400
21.0640188,-19.7308169,200,2400
20.9309796,-19.730278,249,2400
21.6073362,-19.5963424,0,2450
21.4713437,-19.5962466,50,2450
21.3354964,-19.5960414,100,2450
21.199757,-19.5957268,150,2450
21.0640888,-19.595303,200,2450
20.9311673,-19.5947819,249,2450
21.6069305,-19.4607713,0,2500
21.4710575,-19.4606905,50,2500
21.3353295,-19.4605008,100,2500
21.1997095,-19.4602026,150,2500
21.0641605,-19.459796,200,2500
20.9313559,-19.4592925,249,2500
21.6065266,-19.3252053,0,2550
21.4707721,-19.3251392,50,2550
21.3351625,-19.3249652,100,2550
21.1996608,-19.3246834,150,2550
21.0642301,-19.3242939,200,2550
20.9315414,-19.3238078,249,2550
21.6061203,-19.1896299,0,2600
21.4704833,-19.1895788,50,2600
21.3349912,-19.1894204,100,2600
21.1996068,-19.1891551,150,2600
21.0642934,-19.1887829,200,2600
20.9317196,-19.1883144,249,2600
21.6057155,-19.054062,0,2650
21.4701951,-19.0540261,50,2650
21.3348194,-19.0538836,100,2650
21.1995514,-19.053635,150,2650
21.0643543,-19.0532802,200,2650
20.9318945,-19.0528296,249,2650
21.6053138,-18.9184893,0,2700
21.469909,-18.9184686,50,2700
21.3346488,-18.9183421,100,2700
21.1994963,-18.9181101,150,2700
21.0644145,-18.9177727,200,2700
20.9320678,-18.91734,249,2700
21.6049158,-18.7829156,0,2750
21.4696257,-18.7829098,50,2750
21.33448,-18.7827989,100,2750
21.1994419,-18.7825833,150,2750
21.0644746,-18.7822631,200,2750
20.9322399,-18.7818478,249,2750
21.6045159,-18.6473458,0,2800
21.4693394,-18.647355,50,2800
21.3343074,-18.6472599,100,2800
21.1993827,-18.6470609,150,2800
21.0645289,-18.6467579,200,2800
20.9324054,-18.6463604,249,2800
21.6041145,-18.5117728,0,2850
21.4690508,-18.511797,50,2850
21.3341314,-18.5117176,100,2850
21.1993193,-18.5115351,150,2850
21.0645779,-18.5112494,200,2850
20.9325646,-18.5108695,249,2850
21.6037167,-18.3762003,0,2900
21.4687647,-18.3762393,50,2900
21.3339569,-18.3761755,100,2900
21.1992564,-18.3760093,150,2900
21.0646266,-18.3757407,200,2900
20.9327225,-18.3753783,249,2900
21.6033236,-18.2406239,0,2950
21.4684825,-18.240678,50,2950
21.3337854,-18.24063,100,2950
21.1991956,-18.2404803,150,2950
21.0646762,-18.240229,200,2950
20.9328806,-18.2398843,249,2950
21.6029317,-18.1050516,0,3000
21.4682005,-18.1051206,50,3000
21.3336132,-18.1050884,100,3000
21.199133,-18.1049553,150,3000
21.0647233,-18.1047213,200,3000
20.9330351,-18.1043942,249,3000
21.6025377,-17.9694634,0,3050
21.4679154,-17.9695474,50,3050
21.3334369,-17.969531,100,3050
21.1990655,-17.9694142,150,3050
21.0647645,-17.9691975,200,3050
20.9331827,-17.968888,249,3050
21.6021494,-17.8338964,0,3100
21.4676351,-17.8339955,50,3100
21.3332645,-17.8339948,100,3100
21.1990008,-17.8338946,150,3100
21.0648076,-17.8336951,200,3100
20.9333314,-17.8334033,249,3100
21.6017669,-17.698321,0,3150
21.4673596,-17.6984351,50,3150
21.3330959,-17.6984503,100,3150
21.1989392,-17.6983666,150,3150
21.0648528,-17.6981844,200,3150
20.9334812,-17.6979103,249,3150
21.6013852,-17.562745,0,3200
21.467084,-17.5628743,50,3200
21.3329263,-17.5629052,100,3200
21.1988755,-17.5628381,150,3200
21.064895,-17.5626732,200,3200
20.9336272,-17.5624168,249,3200
21.6010075,-17.4271636,0,3250
21.4668115,-17.4273079,50,3250
21.3327589,-17.4273546,100,3250
21.198813,-17.4273041,150,3250
21.0649375,-17.4271565,200,3250
20.9337726,-17.4269177,249,3250
21.6006332,-17.2915851,0,3300
21.4665414,-17.2917443,50,3300
21.3325929,-17.2918066,100,3300
21.1987511,-17.2917725,150,3300
21.0649796,-17.2916419,200,3300
20.9339166,-17.2914206,249,3300
21.6002535,-17.1559978,0,3350
21.466265,-17.1561717,50,3350
21.3324197,-17.1562495,100,3350
21.1986811,-17.1562316,150,3350
21.0650127,-17.156118,200,3350
20.9340508,-17.155914,249,3350
21.599877,-17.0204248,0,3400
21.4659909,-17.0206138,50,3400
21.3322479,-17.0207074,100,3400
21.1986115,-17.0207059,150,3400
21.0650453,-17.0206096,200,3400
20.9341835,-17.0204232,249,3400
21.5995066,-16.884842,0,3450
21.465722,-16.8850459,50,3450
21.3320804,-16.8851552,100,3450
21.1985453,-16.8851701,150,3450
21.0650803,-16.885091,200,3450
20.9343178,-16.8849221,249,3450
21.5991348,-16.7492525,0,3500
21.4654507,-16.7494714,50,3500
21.3319096,-16.7495963,100,3500
21.1984749,-16.7496277,150,3500
21.0651103,-16.7495657,200,3500
20.9344461,-16.7494144,249,3500
21.5987696,-16.6136724,0,3550
21.4651851,-16.6139066,50,3550
21.3317435,-16.6140476,100,3550
21.1984083,-16.6140958,150,3550
21.0651431,-16.6140513,200,3550
20.9345764,-16.6139179,249,3550
21.5984028,-16.4780907,0,3600
21.4649171,-16.4783398,50,3600
21.3315741,-16.4784965,100,3600
21.1983375,-16.4785611,150,3600
21.0651709,-16.4785337,200,3600
20.9347007,-16.4784178,249,3600
21.5980407,-16.3425123,0,3650
21.4646527,-16.3427764,50,3650
21.3314074,-16.3429488,100,3650
21.1982685,-16.3430298,150,3650
21.0651995,-16.3430196,200,3650
20.934825,-16.3429212,249,3650
21.5976789,-16.2069335,0,3700
21.4643878,-16.2072126,50,3700
21.3312394,-16.2074007,100,3700
21.1981972,-16.2074981,150,3700
21.065225,-16.2075051,200,3700
20.9349453,-16.2074243,249,3700
21.5973176,-16.07135,0,3750
21.4641226,-16.071644,50,3750
21.3310701,-16.0718478,100,3750
21.1981238,-16.0719617,150,3750
21.0652474,-16.0719858,200,3750
20.9350616,-16.0719226,249,3750
21.5969563,-15.9357683,0,3800
21.4638564,-15.9360776,50,3800
21.3308989,-15.9362974,100,3800
21.1980476,-15.936428,150,3800
21.0652661,-15.9364696,200,3800
20.9351734,-15.9364241,249,3800
21.5965937,-15.8001825,0,3850
21.463588,-15.8005065,50,3850
21.3307247,-15.8007417,100,3850
21.1979674,-15.8008885,150,3850
21.06528,-15.800947,200,3850
20.9352794,-15.8009188,249,3850
21.5962363,-15.6645985,0,3900
21.4633239,-15.6649373,50,3900
21.3305539,-15.665188,100,3900
21.1978898,-15.665351,150,3900
21.0652955,-15.6654264,200,3900
20.9353862,-15.6654155,249,3900
21.5958849,-15.5290102,0,3950
21.4630649,-15.529364,50,3950
21.3303872,-15.5296304,100,3950
21.1978154,-15.5298099,150,3950
21.0653134,-15.5299025,200,3950
20.9354945,-15.5299092,249,3950
21.5955327,-15.3934202,0,4000
21.4628043,-15.393789,50,4000
21.330218,-15.3940713,100,4000
21.1977377,-15.3942672,150,4000
21.065327,-15.394377,200,4000
20.9355976,-15.3944013,249,4000
21.5951778,-15.257836,0,4050
21.4625401,-15.2582201,50,4050
21.3300445,-15.2585182,100,4050
21.1976546,-15.2587308,150,4050
21.0653345,-15.258858,200,4050
20.9356938,-15.2589,249,4050
21.5948289,-15.122247,0,4100
21.462281,-15.122646,50,4100
21.3298751,-15.1229598,100,4100
21.1975749,-15.1231888,150,4100
21.0653443,-15.1233331,200,4100
20.9357914,-15.1233926,249,4100
21.5944804,-14.986661,0,4150
21.4620214,-14.9870748,50,4150
21.3297043,-14.9874042,100,4150
21.1974929,-14.9876494,150,4150
21.0653511,-14.9878108,200,4150
20.9358851,-14.9878876,249,4150
21.594134,-14.8510709,0,4200
21.461763,-14.8514999,50,4200
21.3295338,-14.8518451,100,4200
21.1974103,-14.8521069,150,4200
21.0653563,-14.8522855,200,4200
20.9359764,-14.85238,249,4200
21.5937962,-14.7154792,0,4250
21.4615124,-14.7159232,50,4250
21.3293703,-14.7162841,100,4250
21.1973337,-14.7165624,150,4250
21.0653668,-14.7167582,200,4250
20.9360722,-14.7168702,249,4250
21.5934585,-14.579895,0,4300
21.4612609,-14.5803538,50,4300
21.3292049,-14.5807303,100,4300
21.1972545,-14.5810248,150,4300
21.0653737,-14.5812376,200,4300
20.9361635,-14.581367,249,4300
21.5931165,-14.4443119,0,4350
21.4610044,-14.4447857,50,4350
21.3290338,-14.445178,100,4350
21.1971687,-14.4454889,150,4350
21.0653731,-14.4457189,200,4350
20.9362464,-14.4458658,249,4350
21.592785,-14.3087175,0,4400
21.4607573,-14.3092063,50,4400
21.3288711,-14.3096142,100,4400
21.1970904,-14.3099415,150,4400
21.0653793,-14.3101886,200,4400
20.9363353,-14.3103529,249,4400
21.5924528,-14.1731211,0,4450
21.4605088,-14.1736249,50,4450
21.3287062,-14.1740486,100,4450
21.197009,-14.1743924,150,4450
21.0653814,-14.1746567,200,4450
20.9364193,-14.1748386,249,4450
21.5921225,-14.0375325,0,4500
21.4602612,-14.0380512,50,4500
21.3285414,-14.0384904,100,4500
21.1969269,-14.0388505,150,4500
21.0653819,-14.0391318,200,4500
20.9365009,-14.039331,249,4500
21.5917888,-13.9019408,0,4550
21.4600095,-13.9024745,50,4550
21.3283715,-13.9029293,100,4550
21.1968389,-13.9033058,150,4550
21.0653758,-13.9036041,200,4550
20.9365748,-13.9038208,249,4550
21.5914546,-13.7663508,0,4600
21.4597564,-13.7668992,50,4600
21.3281995,-13.7673696,100,4600
21.1967478,-13.7677624,150,4600
21.0653656,-13.7680776,200,4600
20.936644,-13.7683117,249,4600
21.5911294,-13.630757,0,4650
21.4595115,-13.6313205,50,4650
21.3280347,-13.6318068,100,4650
21.1966632,-13.632216,150,4650
21.0653611,-13.6325485,200,4650
20.936718,-13.6328001,249,4650
21.5908054,-13.4951691,0,4700
21.4592668,-13.4957477,50,4700
21.3278693,-13.4962498,100,4700
21.1965771,-13.4966755,150,4700
21.0653542,-13.4970252,200,4700
20.9367888,-13.4972944,249,4700
21.5904793,-13.3595721,0,4750
21.4590192,-13.3601656,50,4750
21.3277003,-13.3606832,100,4750
21.1964864,-13.3611252,150,4750
21.065342,-13.361492,200,4750
20.9368534,-13.3617785,249,4750
21.5901608,-13.2239785,0,4800
21.4587784,-13.2245872,50,4800
21.327537,-13.2251207,100,4800
21.1964008,-13.2255793,150,4800
21.0653339,-13.2259633,200,4800
20.9369213,-13.2262675,249,4800
21.5898407,-13.0883885,0,4850
21.4585352,-13.0890122,50,4850
21.3273706,-13.0895614,100,4850
21.196311,-13.0900365,150,4850
21.0653208,-13.0904376,200,4850
20.9369835,-13.0907593,249,4850
21.5895242,-12.9527941,0,4900
21.4582946,-12.9534328,50,4900
21.3272059,-12.9539978,100,4900
21.1962223,-12.9544893,150,4900
21.065308,-12.9549077,200,4900
20.9370449,-12.9552468,249,4900
21.5892179,-12.8172006,0,4950
21.4580634,-12.8178543,50,4950
21.3270498,-12.8184348,100,4950
21.1961412,-12.8189425,150,4950
21.0653019,-12.8193778,200,4950
20.9371125,-12.8197343,249,4950
21.5889012,-12.681602,0,5000
21.457821,-12.6822705,50,5000
21.3268816,-12.6828665,100,5000
21.1960472,-12.6833906,150,5000
21.0652822,-12.6838428,200,5000
20.9371654,-12.6842166,249,5000
21.5885845,-12.5460084,0,5050
21.4575778,-12.5466919,50,5050
21.3267118,-12.5473037,100,5050
21.1959508,-12.5478441,150,5050
21.0652591,-12.5483135,200,5050
20.9372142,-12.5487047,249,5050
21.5882737,-12.4104073,0,5100
21.4573396,-12.4111058,50,5100
21.3265462,-12.4117333,100,5100
21.1958577,-12.4122901,150,5100
21.0652386,-12.4127766,200,5100
20.9372647,-12.4131853,249,5100
21.587969,-12.2748065,0,5150
21.4571066,-12.2755201,50,5150
21.326385,-12.2761634,100,5150
21.1957682,-12.2767367,150,5150
21.0652207,-12.2772404,200,5150
20.9373172,-12.2776667,249,5150
21.587662,-12.1392131,0,5200
21.4568706,-12.1399416,50,5200
21.3262199,-12.1406006,100,5200
21.195674,-12.1411903,150,5200
21.0651974,-12.141711,200,5200
20.9373633,-12.1421547,249,5200
21.5873605,-12.0036148,0,5250
21.4566392,-12.0043582,50,5250
21.3260585,-12.0050327,100,5250
21.1955827,-12.0056387,150,5250
21.0651761,-12.0061764,200,5250
20.9374107,-12.0066374,249,5250
21.5870534,-11.8680176,0,5300
21.4564014,-11.8687761,50,5300
21.32589,-11.8694665,100,5300
21.1954834,-11.870089,150,5300
21.065146,-11.8706439,200,5300
20.9374484,-11.8711225,249,5300
21.5867488,-11.7324188,0,5350
21.4561653,-11.7331923,50,5350
21.3257224,-11.7338983,100,5350
21.1953842,-11.7345371,150,5350
21.0651151,-11.7351091,200,5350
20.9374845,-11.735605,249,5350
21.5864531,-11.5968173,0,5400
21.4559373,-11.5976057,50,5400
21.325562,-11.5983273,100,5400
21.1952913,-11.5989824,150,5400
21.0650899,-11.5995715,200,5400
20.9375255,-11.6000848,249,5400
21.5861573,-11.4612198,0,5450
21.4557084,-11.4620231,50,5450
21.3253998,-11.4627603,100,5450
21.1951959,-11.4634317,150,5450
21.0650612,-11.4640377,200,5450
20.9375623,-11.4645684,249,5450
21.5858607,-11.3256225,0,5500
21.4554777,-11.3264408,50,5500
21.3252351,-11.3271936,100,5500
21.1950972,-11.3278814,150,5500
21.0650284,-11.3285045,200,5500
20.9375941,-11.3290525,249,5500
21.5855658,-11.1900246,0,5550
21.4552481,-11.1908578,50,5550
21.3250706,-11.1916262,100,5550
21.1949978,-11.1923303,150,5550
21.0649942,-11.1929703,200,5550
20.9376237,-11.1935357,249,5550
21.5852721,-11.0544169,0,5600
21.4550188,-11.055265,50,5600
21.3249057,-11.056049,100,5600
21.1948971,-11.0567693,150,5600
21.0649578,-11.0574263,200,5600
20.9376503,-11.058009,249,5600
21.5849848,-10.9188172,0,5650
21.454795,-10.9196803,50,5650
21.3247454,-10.9204801,100,5650
21.1948004,-10.9212169,150,5650
21.0649245,-10.921891,200,5650
20.9376793,-10.9224912,249,5650
21.5846983,-10.7832213,0,5700
21.4545713,-10.7840996,50,5700
21.3245844,-10.7849152,100,5700
21.1947021,-10.7856685,150,5700
21.0648889,-10.7863598,200,5700
20.9377051,-10.7869775,249,5700
21.5844134,-10.6476134,0,5750
21.4543483,-10.6485066,50,5750
21.3244233,-10.6493377,100,5750
21.1946028,-10.6501072,150,5750
21.0648515,-10.6508155,200,5750
20.9377284,-10.6514505,249,5750
21.5841271,-10.5120126,0,5800
21.4541232,-10.5129205,50,5800
21.3242593,-10.5137671,100,5800
21.1944999,-10.5145528,150,5800
21.0648097,-10.515278,200,5800
20.9377463,-10.5159301,249,5800
21.5838442,-10.376413,0,5850
21.4539006,-10.3773359,50,5850
21.324097,-10.3781981,100,5850
21.1943979,-10.3790002,150,5850
21.0647679,-10.3797424,200,5850
20.9377637,-10.3804119,249,5850
21.5835681,-10.2408109,0,5900
21.453684,-10.2417489,50,5900
21.3239398,-10.242627,100,5900
21.1943002,-10.2434457,150,5900
21.0647297,-10.2442051,200,5900
20.9377837,-10.2448922,249,5900
21.5832962,-10.1052131,0,5950
21.4534707,-10.1061662,50,5950
21.3237852,-10.10706,100,5950
21.1942042,-10.107895,150,5950
21.0646924,-10.1086715,200,5950
20.937804,-10.109376,249,5950
21.5830166,-9.96961261,0,6000
21.453249,-9.97058027,50,6000
21.3236215,-9.97148939,100,6000
21.1940983,-9.97234038,150,6000
21.0646444,-9.97313358,200,6000
20.9378127,-9.97385512,249,6000
21.5827437,-9.83400458,0,6050
21.4530333,-9.83498738,50,6050
21.3234628,-9.83591233,100,6050
21.1939967,-9.83677982,150,6050
21.0645998,-9.83759022,200,6050
20.9378241,-9.83832929,249,6050
21.582472,-9.69839026,0,6100
21.4528179,-9.69938803,50,6100
21.3233036,-9.70032864,100,6100
21.1938939,-9.70121248,150,6100
21.0645532,-9.70203991,200,6100
20.9378326,-9.70279634,249,6100
21.5822039,-9.56278373,0,6150
21.4526052,-9.56379631,50,6150
21.3231465,-9.56475241,100,6150
21.1937922,-9.56565244,150,6150
21.064507,-9.56649674,200,6150
20.9378408,-9.56727038,249,6150
21.5819357,-9.42717966,0,6200
21.4523918,-9.42820738,50,6200
21.3229877,-9.42917929,100,6200
21.1936881,-9.43009581,150,6200
21.0644577,-9.4309573,200,6200
20.937845,-9.43174846,249,6200
21.5816687,-9.29157636,0,6250
21.4521787,-9.29261908,50,6250
21.3228286,-9.29360668,100,6250
21.1935828,-9.29453957,150,6250
21.0644063,-9.29541812,200,6250
20.9378465,-9.29622666,249,6250
21.581404,-9.15597281,0,6300
21.4519672,-9.15703057,50,6300
21.3226702,-9.15803388,100,6300
21.1934775,-9.15898318,150,6300
21.0643541,-9.15987881,200,6300
20.9378464,-9.16070477,249,6300
21.5811426,-9.02036378,0,6350
21.4517581,-9.02143662,50,6350
21.3225134,-9.0224557,100,6350
21.193373,-9.02342144,150,6350
21.0643019,-9.02433421,200,6350
20.9378455,-9.02517763,249,6350
21.5808816,-8.88475586,0,6400
21.4515487,-8.88584353,50,6400
21.3223555,-8.88687812,100,6400
21.1932667,-8.88786006,150,6400
21.0642471,-8.88878972,200,6400
20.9378412,-8.88965036,249,6400
21.5806218,-8.74915281,0,6450
21.4513396,-8.75025536,50,6450
21.3221972,-8.7513055,100,6450
21.1931591,-8.75230367,150,6450
21.0641903,-8.75325024,200,6450
20.9378341,-8.75412813,249,6450
21.5803631,-8.61354447,0,6500
21.451131,-8.61466179,50,6500
21.3220385,-8.6157274,100,6500
21.1930505,-8.61674171,150,6500
21.0641315,-8.61770511,200,6500
20.9378244,-8.61860015,249,6500
21.5801046,-8.4779359,0,6550
21.4509217,-8.47906815,50,6550
21.3218785,-8.48014937,100,6550
21.1929396,-8.48117998,150,6550
21.0640698,-8.48216036,200,6550
20.9378108,-8.48307271,249,6550
21.579853,-8.3423296,0,6600
21.4507185,-8.34347687,50,6600
21.3217237,-8.34457377,100,6600
21.1928331,-8.34562074,150,6600
21.0640118,-8.34661817,200,6600
20.9378003,-8.3475479,249,6600
21.5796025,-8.20671721,0,6650
21.4505156,-8.20787939,50,6650
21.3215684,-8.20899189,100,6650
21.1927255,-8.21005514,150,6650
21.0639518,-8.21106953,200,6650
20.9377869,-8.21201655,249,6650
21.5793536,-8.0711092,0,6700
21.4503136,-8.07228621,50,6700
21.3214131,-8.07341421,100,6700
21.1926171,-8.07449365,150,6700
21.0638902,-8.07552491,200,6700
20.9377713,-8.07648912,249,6700
21.5791055,-7.93550374,0,6750
21.4501116,-7.93669584,50,6750
21.3212572,-7.93783962,100,6750
21.1925072,-7.93893551,150,6750
21.0638264,-7.9399839,200,6750
20.9377527,-7.94096556,249,6750
21.5788636,-7.79988942,0,6800
21.4499149,-7.8010966,50,6800
21.3211058,-7.80225613,100,6800
21.1924011,-7.80336845,150,6800
21.0637656,-7.80443396,200,6800
20.9377363,-7.80543305,249,6800
21.5786238,-7.66428484,0,6850
21.4497197,-7.66550693,50,6850
21.3209551,-7.66668204,100,6850
21.1922949,-7.66781062,150,6850
21.0637039,-7.66889307,200,6850
20.9377183,-7.66990944,249,6850
21.5783858,-7.52866882,0,6900
21.4495254,-7.52990597,50,6900
21.3208045,-7.53109681,100,6900
21.192188,-7.53224181,150,6900
21.0636408,-7.53334134,200,6900
20.9376981,-7.53437512,249,6900
21.5781418,-7.39305989,0,6950
21.4493244,-7.39431193,50,6950
21.3206465,-7.39551835,100,6950
21.1920729,-7.39667959,150,6950
21.0635687,-7.39779605,200,6950
20.9376681,-7.39884708,249,6950
21.5778993,-7.25745534,0,7000
21.4491241,-7.25872231,50,7000
21.3204884,-7.25994432,100,7000
21.1919571,-7.26112184,150,7000
21.063495,-7.26225526,200,7000
20.9376357,-7.26332357,249,7000
21.5776659,-7.12184425,0,7050
21.4489321,-7.12312621,50,7050
21.3203379,-7.1243639,100,7050
21.1918479,-7.12555777,150,7050
21.0634273,-7.12670822,200,7050
20.9376087,-7.12779388,249,7050
21.5774328,-6.9862319,0,7100
21.4487396,-6.98752861,50,7100
21.320186,-6.9887817,100,7100
21.1917367,-6.98999165,150,7100
21.0633568,-6.99115886,200,7100
20.9375781,-6.99226161,249,7100
21.5771966,-6.85062551,0,7150
21.4485434,-6.85193722,50,7150
21.3200296,-6.853206,100,7150
21.1916202,-6.8544323,150,7150
21.0632802,-6.85561655,200,7150
20.9375406,-6.85673665,249,7150
21.5769688,-6.71501014,0,7200
21.4483546,-6.71633689,50,7200
21.31988,-6.71762138,100,7200
21.1915097,-6.71886406,150,7200
21.0632088,-6.72006537,200,7200
20.9375076,-6.72120285,249,7200
21.57674,-6.57940202,0,7250
21.4481642,-6.58074352,50,7250
21.319728,-6.58204344,100,7250
21.191396,-6.58330223,150,7250
21.0631335,-6.58452032,200,7250
20.9374699,-6.58567491,249,7250
21.5765157,-6.4437895,0,7300
21.4479775,-6.44514577,50,7300
21.3195788,-6.44646113,100,7300
21.1912844,-6.44773604,150,7300
21.0630595,-6.44897091,200,7300
20.9374328,-6.45014262,249,7300
21.5762957,-6.30817324,0,7350
21.4477942,-6.30954464,50,7350
21.3194323,-6.31087578,100,7350
21.1911748,-6.31216715,150,7350
21.0629867,-6.31341916,200,7350
20.9373961,-6.31460832,249,7350
21.5760722,-6.17256082,0,7400
21.4476068,-6.17394712,50,7400
21.319281,-6.17529384,100,7400
21.1910595,-6.17660145,150,7400
21.0629075,-6.17787039,200,7400
20.9373523,-6.17907679,249,7400
21.5758521,-6.03694877,0,7450
21.4474219,-6.03834999,50,7450
21.3191314,-6.0397123,100,7450
21.1909452,-6.04103618,150,7450
21.0628285,-6.04232206,200,7450
20.9373079,-6.04354572,249,7450
21.5756359,-5.90132807,0,7500
21.4472402,-5.90274438,50,7500
21.3189842,-5.90412245,100,7500
21.1908325,-5.90546275,150,7500
21.0627504,-5.90676573,200,7500
20.9372637,-5.90800681,249,7500
21.5754156,-5.7657175,0,7550
21.4470538,-5.76714866,50,7550
21.3188315,-5.76854225,100,7550
21.1907136,-5.76989874,150,7550
21.0626653,-5.77121859,200,7550
20.9372117,-5.77247686,249,7550
21.5752001,-5.63009958,0,7600
21.4468713,-5.63154575,50,7600
21.318682,-5.63295502,100,7600
21.1905971,-5.63432787,150,7600
21.0625818,-5.63566474,200,7600
20.9371607,-5.63694035,249,7600
21.5749848,-5.4944874,0,7650
21.4466882,-5.49594853,50,7650
21.3185312,-5.49737343,100,7650
21.1904786,-5.49876258,150,7650
21.0624955,-5.50011642,200,7650
20.9371061,-5.50140931,249,7650
21.5747701,-5.35888049,0,7700
21.446505,-5.36035652,50,7700
21.3183795,-5.361797,100,7700
21.1903584,-5.36320239,150,7700
21.0624069,-5.36457315,200,7700
20.9370483,-5.36588329,249,7700
21.5745604,-5.22325609,0,7750
21.4463261,-5.2247471,50,7750
21.3182312,-5.22620321,100,7750
21.1902409,-5.22762492,150,7750
21.0623201,-5.22901266,200,7750
20.9369917,-5.2303401,249,7750
21.5743546,-5.08764553,0,7800
21.4461502,-5.08915133,50,7800
21.3180854,-5.09062291,100,7800
21.190125,-5.09206074,150,7800
21.0622342,-5.09346529,200,7800
20.9369353,-5.09480985,249,7800
21.5741515,-4.95202985,0,7850
21.4459763,-4.95355054,50,7850
21.3179406,-4.95503766,100,7850
21.1900095,-4.95649172,150,7850
21.062148,-4.95791316,200,7850
20.9368777,-4.95927493,249,7850
21.5739474,-4.81641384,0,7900
21.4458007,-4.81794941,50,7900
21.3177935,-4.81945208,100,7900
21.1898908,-4.82092236,150,7900
21.0620578,-4.82236069,200,7900
20.9368155,-4.82373967,249,7900
21.5737474,-4.68079874,0,7950
21.4456283,-4.68234935,50,7950
21.3176488,-4.68386774,100,7950
21.1897738,-4.68535439,150,7950
21.0619685,-4.68680977,200,7950
20.9367535,-4.68820611,249,7950
21.5735541,-4.5451851,0,8000
21.4454619,-4.5467507,50,8000
21.3175093,-4.54828474,100,8000
21.1896613,-4.54978772,150,8000
21.061883,-4.55126009,200,8000
20.9366945,-4.55267374,249,8000
21.5733591,-4.40956976,0,8050
21.445293,-4.41115033,50,8050
21.3173666,-4.4127,100,8050
21.1895448,-4.41421927,150,8050
21.0617928,-4.41570861,200,8050
20.9366301,-4.41713955,249,8050
21.573168,-4.27395823,0,8100
21.4451273,-4.27555367,50,8100
21.3172263,-4.27711888,100,8100
21.18943,-4.27865435,150,8100
21.0617035,-4.28016057,200,8100
20.9365658,-4.28160869,249,8100
21.5729726,-4.13834148,0,8150
21.4449566,-4.13995182,50,8150
21.3170803,-4.1415326,100,8150
21.1893087,-4.14308432,150,8150
21.0616069,-4.14460745,200,8150
20.9364935,-4.1460728,249,8150
21.5727783,-4.00272411,0,8200
21.4447863,-4.00434923,50,8200
21.3169339,-4.00594545,100,8200
21.1891863,-4.00751328,150,8200
21.0615085,-4.00905318,200,8200
20.9364185,-4.01053562,249,8200
21.5725816,-3.86710822,0,8250
21.4446128,-3.86874814,50,8250
21.3167836,-3.87035982,100,8250
21.1890592,-3.87194377,150,8250
21.0614046,-3.87350048,200,8250
20.9363374,-3.87500004,249,8250
21.5723931,-3.73148722,0,8300
21.4444467,-3.7331423,50,8300
21.31664,-3.7347698,100,8300
21.188938,-3.73637024,150,8300
21.0613059,-3.7379441,200,8300
20.9362608,-3.73946112,249,8300
21.5722054,-3.59586936,0,8350
21.4442806,-3.59753937,50,8350
21.3164956,-3.59918248,100,8350
21.1888153,-3.60079919,150,8350
21.0612049,-3.60238999,200,8350
20.9361811,-3.60392427,249,8350
21.5720219,-3.46025632,0,8400
21.444118,-3.46194123,50,8400
21.3163539,-3.4635999,100,8400
21.1886946,-3.46523283,150,8400
21.0611052,-3.46684053,200,8400
20.936102,-3.46839202,249,8400
21.5718434,-3.32463991,0,8450
21.4439596,-3.32633976,50,8450
21.3162157,-3.32801402,100,8450
21.1885766,-3.32966321,150,8450
21.0610074,-3.33128783,200,8450
20.9360241,-3.33285656,249,8450
21.5716635,-3.18901791,0,8500
21.4437992,-3.19073279,50,8500
21.3160747,-3.19242276,100,8500
21.188455,-3.19408833,150,8500
21.0609054,-3.19572998,200,8500
20.9359413,-3.19731606,249,8500
21.5714892,-3.05339768,0,8550
21.4436435,-3.05512746,50,8550
21.3159377,-3.05683299,100,8550
21.1883367,-3.05851478,150,8550
21.0608058,-3.06017333,200,8550
20.9358601,-3.06177662,249,8550
21.5713145,-2.91778274,0,8600
21.4434867,-2.9195274,50,8600
21.3157988,-2.92124846,100,8600
21.1882158,-2.92294644,150,8600
21.0607029,-2.92462186,200,8600
20.9357749,-2.92624232,249,8600
21.5711364,-2.78216923,0,8650
21.4433258,-2.78392887,50,8650
21.3156551,-2.78566558,100,8650
21.1880893,-2.78737987,150,8650
21.0605937,-2.78907227,200,8650
20.9356826,-2.79071002,249,8650
21.5709663,-2.64655305,0,8700
21.4431721,-2.64832779,50,8700
21.3155178,-2.65008026,100,8700
21.1879685,-2.65181098,150,8700
21.0604894,-2.65352047,200,8700
20.9355946,-2.65517564,249,8700
21.5707975,-2.51093523,0,8750
21.443019,-2.51272482,50,8750
21.3153804,-2.5144928,100,8750
21.1878468,-2.51623971,150,8750
21.0603835,-2.51796604,200,8750
20.9355041,-2.51963836,249,8750
21.5706261,-2.37530897,0,8800
21.4428625,-2.37711322,50,8800
21.3152388,-2.37889652,100,8800
21.1877202,-2.3806594,150,8800
21.0602718,-2.38240238,200,8800
20.9354072,-2.38409167,249,8800
21.5704578,-2.23968519,0,8850
21.4427083,-2.24150413,50,8850
21.3150989,-2.24330279,100,8850
21.1875945,-2.24508169,150,8850
21.0601604,-2.24684136,200,8850
20.9353098,-2.24854764,249,8850
21.5702908,-2.10406802,0,8900
21.4425548,-2.10590203,50,8900
21.3149588,-2.10771642,100,8900
21.1874679,-2.10951173,150,8900
21.0600473,-2.11128846,200,8900
20.93521,-2.11301212,249,8900
21.5701251,-1.96844676,0,8950
21.4424017,-1.97029561,50,8950
21.3148185,-1.9721255,100,8950
21.1873403,-1.97393696,150,8950
21.0599326,-1.97573051,200,8950
20.9351078,-1.97747131,249,8950
21.5699664,-1.83282963,0,9000
21.442255,-1.8346933,50,9000
21.3146837,-1.83653866,100,9000
21.1872176,-1.83836627,150,9000
21.0598218,-1.84017664,200,9000
20.9350089,-1.84193456,249,9000
21.5698083,-1.6972088,0,9050
21.442108,-1.69908735,50,9050
21.314548,-1.70094825,100,9050
21.1870931,-1.70279206,150,9050
21.0597086,-1.7046193,200,9050
20.9349069,-1.70639441,249,9050
21.5696528,-1.56158926,0,9100
21.441963,-1.56348267,50,9100
21.3144134,-1.5653591,100,9100
21.1869691,-1.5672191,150,9100
21.0595952,-1.56906319,200,9100
20.9348038,-1.57085546,249,9100
21.5694973,-1.42596827,0,9150
21.4418172,-1.4278766,50,9150
21.3142773,-1.4297686,100,9150
21.1868427,-1.43164482,150,9150
21.0594787,-1.43350581,200,9150
20.934697,-1.43531529,249,9150
21.5693461,-1.29035398,0,9200
21.441675,-1.29227722,50,9200
21.3141441,-1.2941848,100,9200
21.1867185,-1.29607727,150,9200
21.0593635,-1.29795516,200,9200
20.9345908,-1.29978186,249,9200
21.5691959,-1.15473368,0,9250
21.441533,-1.15667182,50,9250
21.3140103,-1.15859496,100,9250
21.186593,-1.16050366,150,9250
21.0592464,-1.16239844,200,9250
20.9344819,-1.16424234,249,9250
21.5690487,-1.01911096,0,9300
21.4413931,-1.02106407,50,9300
21.313878,-1.02300283,100,9300
21.1864683,-1.02492782,150,9300
21.0591292,-1.02683956,200,9300
20.9343722,-1.02870072,249,9300
21.5689035,-0.883493047,0,9350
21.4412547,-0.885461127,50,9350
21.3137463,-0.887415526,100,9350
21.1863434,-0.889356803,150,9350
21.0590112,-0.891285501,200,9350
20.9342609,-0.893163933,249,9350
21.5687556,-0.747867263,0,9400
21.4411128,-0.749850143,50,9400
21.3136105,-0.751820002,100,9400
21.1862136,-0.753777401,150,9400
21.0588875,-0.755722886,200,9400
20.9341433,-0.757618418,249,9400
21.5686076,-0.612248439,0,9450
21.4409701,-0.614246094,50,9450
21.313473,-0.616231389,100,9450
21.1860815,-0.618204887,150,9450
21.0587607,-0.620167137,200,9450
20.9340218,-0.622079747,249,9450
21.5684693,-0.476622535,0,9500
21.4408362,-0.478635239,50,9500
21.3133436,-0.480636241,100,9500
21.1859567,-0.482626107,150,9500
21.0586406,-0.484605389,200,9500
20.9339062,-0.486535339,249,9500
21.568334,-0.341003429,0,9550
21.4407046,-0.343030986,50,9550
21.3132158,-0.3450475,100,9550
21.1858327,-0.347053541,150,9550
21.0585205,-0.349049663,200,9550
20.9337901,-0.350996764,249,9550
21.5681957,-0.205386864,0,9600
21.4405694,-0.207429361,50,9600
21.3130837,-0.209461476,100,9600
21.1857036,-0.211483781,150,9600
21.0583946,-0.213496832,200,9600
20.9336673,-0.215461172,249,9600
21.5680595,-0.0697652111,0,9650
21.4404354,-0.0718225377,50,9650
21.312952,-0.0738701426,100,9650
21.1855743,-0.075908598,150,9650
21.0582677,-0.0779384651,200,9650
20.9335428,-0.0799199339,249,9650
21.5679295,0.0658528837,0,9700
21.4403069,0.0637805673,50,9700
21.3128251,0.061717313,100,9700
21.185449,0.0596625462,150,9700
21.0581441,0.0576157029,200,9700
20.9334209,0.0556169488,249,9700
21.5678007,0.201485895,0,9750
21.4401788,0.199398662,50,9750
21.3126978,0.197319833,100,9750
21.1853226,0.19524883,150,9750
21.0580186,0.193185088,200,9750
20.9332964,0.191169125,249,9750
21.5676726,0.337107496,0,9800
21.4400508,0.33500531,50,9800
21.3125699,0.332910867,100,9800
21.1851948,0.33082359,150,9800
21.057891,0.328742909,200,9800
20.933169,0.326709698,249,9800
21.5675499,0.472733467,0,9850
21.4399274,0.470616392,50,9850
21.3124457,0.468506402,100,9850
21.1850701,0.466402916,150,9850
21.0577657,0.464305361,200,9850
20.9330433,0.462254967,249,9850
21.5674149,0.608355966,0,9900
21.439791,0.606224096,50,9900
21.312308,0.604098651,100,9900
21.184931,0.601979048,150,9900
21.0576253,0.599864711,200,9900
20.9329016,0.597797221,249,9900
21.5672892,0.743979086,0,9950
21.439663,0.741832554,50,9950
21.3121779,0.739691787,100,9950
21.1847988,0.737556199,150,9950
21.0574911,0.735425213,200,9950
20.9327654,0.733340759,249,9950
21.5671715,0.879598254,0,10000
21.4395424,0.877436678,50,10000
21.3120543,0.875280208,100,10000
21.1846725,0.873128256,150,10000
21.057362,0.870980241,200,10000
20.9326337,0.86887845,249,10000
21.5670472,1.01522016,0,10050
21.4394145,1.01304384,50,10050
21.3119229,1.01087197,100,10050
21.1845374,1.00870395,150,10050
21.0572235,1.00653921,200,10050
20.9324917,1.00442037,249,10050
21.566929,1.15084041,0,10100
21.4392918,1.14864927,50,10100
21.3117959,1.14646191,100,10100
21.1844061,1.14427775,150,10100
21.0570879,1.14209619,200,10100
20.9323521,1.13996023,249,10100
21.5668152,1.28646727,0,10150
21.4391729,1.28426114,50,10150
21.3116718,1.28205813,100,10150
21.184277,1.27985765,150,10150
21.0569538,1.27765912,200,10150
20.9322132,1.27550587,249,10150
21.5667001,1.42209067,0,10200
21.4390519,1.41986948,50,10200
21.311545,1.41765077,100,10200
21.1841444,1.41543393,150,10200
21.0568155,1.41321836,200,10200
20.9320693,1.41104778,249,10200
21.5665899,1.55771356,0,10250
21.4389351,1.55547765,50,10250
21.3114216,1.55324355,100,10250
21.1840145,1.55101065,150,10250
21.0566791,1.54877837,200,10250
20.9319266,1.54659076,249,10250
21.5664842,1.69333204,0,10300
21.4388219,1.69108123,50,10300
21.3113011,1.68883156,100,10300
21.1838867,1.68658245,150,10300
21.0565442,1.68433328,200,10300
20.9317847,1.68212846,249,10300
21.5663743,1.82895873,0,10350
21.4387039,1.82669307,50,10350
21.311175,1.82442791,100,10350
21.1837527,1.82216262,150,10350
21.0564021,1.81989662,200,10350
20.9316349,1.81767467,249,10350
21.566271,1.96458607,0,10400
21.4385917,1.96230555,50,10400
21.3110539,1.96002487,100,10400
21.1836228,1.9577434,150,10400
21.0562636,1.95546056,200,10400
20.931488,1.95322145,249,10400
21.5661657,2.10020726,0,10450
21.4384768,2.09791182,50,10450
21.3109295,2.09561556,100,10450
21.1834889,2.09331786,150,10450
21.0561203,2.09101811,200,10450
20.9313354,2.08876178,249,10450
21.5660631,2.23583381,0,10500
21.4383638,2.23352359,50,10500
21.3108062,2.23121187,100,10500
21.1833554,2.22889805,150,10500
21.0559766,2.22658152,200,10500
20.9311818,2.2243081,249,10500
21.5659643,2.37146155,0,10550
21.438254,2.36913636,50,10550
21.3106853,2.36680901,100,10550
21.1832236,2.36447889,150,10550
21.0558338,2.3621454,200,10550
20.9310285,2.35985471,249,10550
21.5658681,2.50708289,0,10600
21.4381459,2.50474277,50,10600
21.3105655,2.50239983,100,10600
21.183092,2.50005347,150,10600
21.0556906,2.49770306,200,10600
20.9308739,2.49539515,249,10600
21.5657676,2.64270776,0,10650
21.4380328,2.64035254,50,10650
21.3104399,2.63799384,100,10650
21.1829539,2.63563106,150,10650
21.0555402,2.63326357,200,10650
20.9307113,2.63093826,249,10650
21.5656797,2.77833679,0,10700
21.4379315,2.77596684,50,10700
21.3103253,2.77359276,100,10700
21.1828262,2.77121392,150,10700
21.0553993,2.76882972,200,10700
20.9305577,2.76648738,249,10700
21.5655881,2.91395184,0,10750
21.4378259,2.91156712,50,10750
21.3102057,2.90917762,100,10750
21.1826926,2.9067827,150,10750
21.0552518,2.90438174,200,10750
20.9303967,2.90202233,249,10750
21.5654981,3.04958,0,10800
21.4377211,3.04718082,50,10800
21.3100861,3.04477619,100,10800
21.1825583,3.04236549,150,10800
21.0551029,3.03994808,200,10800
20.9302335,3.0375719,249,10800
21.5654143,3.18520552,0,10850
21.4376216,3.18279145,50,10850
21.3099711,3.18037127,100,10850
21.1824279,3.17794435,150,10850
21.0549572,3.17551006,200,10850
20.9300728,3.17311669,249,10850
21.5653292,3.32083085,0,10900
21.4375202,3.31840196,50,10900
21.3098535,3.31596631,100,10900
21.1822941,3.31352325,150,10900
21.0548073,3.31107215,200,10900
20.9299072,3.30866165,249,10900
21.5652466,3.4564585,0,10950
21.4374205,3.45401476,50,10950
21.3097368,3.45156358,100,10950
21.1821605,3.44910434,150,10950
21.0546568,3.44663639,200,10950
20.9297403,3.44420873,249,10950
21.5651681,3.59208579,0,11000
21.4373242,3.58962713,50,11000
21.3096227,3.58716038,100,11000
21.1820287,3.58468489,150,11000
21.0545075,3.58220004,200,11000
20.9295738,3.57975516,249,11000
21.5651307,3.6517599,0,11022
21.4372788,3.64929472,50,11022
21.3095693,3.64682114,100,11022
21.1819673,3.64433855,150,11022
21.0544381,3.64184629,200,11022
20.9294965,3.63939388,249,11022
